DROP TABLE IF EXISTS `award_winner`;
DROP TABLE IF EXISTS `admin_account`;
DROP TABLE IF EXISTS `user_account`;
DROP TABLE IF EXISTS `award_type`;
DROP TABLE IF EXISTS `test_users`;

CREATE TABLE `admin_account` (
  `id` int(11) NOT NULL AUTO_INCREMENT,
  `first_name` varchar(255) NOT NULL,
  `last_name` varchar(255) NOT NULL,
  `email` varchar(255) NOT NULL UNIQUE,
  `pword` varchar(255) NOT NULL,
  `master` tinyint(1) DEFAULT 0,
  PRIMARY KEY (`id`)
) ENGINE=InnoDB DEFAULT CHARSET=latin1 AUTO_INCREMENT = 504;

INSERT INTO `admin_account` (`id`, `first_name`, `last_name`, `email`, `pword`, `master`) VALUES
(501, 'Ben', 'Redmon', 'redmonb@oregonstate.edu', '$2a$10$x8qdGR/v20OMyznNQAweG.3K5csXnLZOQiwKwj14W5mUckTj5RJ4S', 1);

CREATE TABLE `user_account` (
  `id` int(11) NOT NULL AUTO_INCREMENT,
  `fname` varchar(255) NOT NULL,
  `lname` varchar(255) NOT NULL,
  `email` varchar(255) NOT NULL UNIQUE,
  `pword` varchar(255) NOT NULL,
  `signature` varchar(64000) NOT NULL,
  `timestamp` datetime NOT NULL DEFAULT CURRENT_TIMESTAMP,
  PRIMARY KEY (`id`)
) ENGINE=InnoDB DEFAULT CHARSET=latin1;

INSERT INTO `user_account` (`id`, `fname`, `lname`, `email`, `pword`, `signature`) VALUES
(1, 'Ashley', 'Fong', 'fongas@oregonstate.edu', '$2a$10$BUYXdFB2MxutaP3vAQjQVeGTSYSOnuZU1iantnudV.u5NE3dCqG1W', 'data:image/png;base64,iVBORw0KGgoAAAANSUhEUgAAASwAAABLCAYAAADK+7ojAAAAAXNSR0IArs4c6QAAEgRJREFUeAHtXQnwVVUZJ9wXREVBRGIQEVHRFBPTGQWbxiU3wiW1ElscsZBx19xFczLTmtImwS1Nk3HLJUpLJddINHFBzGVcQtwzRXKjfj96n/P1ec7d3nv33vf+3zfz86zfcn73vnPPOff+sVcvF2fAGXAGnAFnwBlwBpwBZ8AZcAacAWfAGXAGnAFnwBlwBpwBZ8AZaAkDy7TEihtxBpyBEAPLo3IMsAfwOvBPwMUZcAacgUoZWBnetwVOAB4E/hPAXNS5NMnAsk3qu7oz0NMYWAED3goYBIwG9gOGAEnyHhpPTurgbdkY+Ey2bt7LGeiRDKyBUW8JbA9sB4wC+gOUD4HlluZ69foA6QLgFeAZ4GHgb8B84GXgI8DFGXAGnIGWMjAS1s4B3gJC2zrWLQauBPYENgNWA1ycga5kgC851uzKkXXeoHgtuHr6FRCbnKT+CfQ5AhgOyKoKWRdnoDwGuB3mDUu0c2u8EuxPBeTml/Qu1PE8xKUcBnhe+wXgUkCuQVJ6PfrxDZ+/SQcJPV1+AAK4r38NGF8RGZPhV25Y5tshG8Hos4D4send7XDqNpcyMBj/5YH4NID3muXelt9Fn+8AqwIuzsAnDExEzt4scpD5SacSMk+aOFrtckNj345Zyr7Kap75dWFiH+BM4CpAuE1K30A/foYwAHBxBqIMhG4ivl0pW16FQx1LK/3zB6RtJ+VXb6XjLrW1PMZFTvm27mhgFpDEqW3jm7sLgN0Avvlz6VAG2nl2E6OEN1NIyo6FW7WhKpBW+V8RNvkmKST8sUwApqtGnq18rMrdmu2NgXHi4UuHvkA/BfLCOr5xWwVgv0UAv3PaGsgjPER/CuAKehbAlVTsnkOTSycxwB9LXYQ39JISg6E/LTxcbcXEEZusuELgn2b8SDmd2SKfymQpWd43nFj6ADzz2RTghEMORwD8ZmkM0G55Gw6uAH4HzAG4anbpYgbqNGGtD56fLpFrPsW1DEThJV1RIL97RGcb1PMDQn63o7ckR0b6V13NlQ7fqA0BeMbGCWg/oCzhfXAVsADgConpPwBOSLEHAppcnIHWMsCb354vSPm41rpKtbbQxPKNVI30DjIWnZ7XUFsZ6SOAtM1PN9f2HvzkgpPRoQDfpklsZabkhIff/HMXbhNbtTWHKRdnoDkGeFPGfgz3N2c6t/YDJpZ5uS38v8I4Y0/GKb1eMO2DpKGNKX/8/M5sf+B8gCsXiavd6XPw9SfgYuBEYDwwDOAZn4sz0BEMHIEok34oZQ7iokAszfgPjWtgw+ABxteLzTjKoTvZ+A3F2EzdJcb+fTli867OQO0ZsJ8S2B9LmQPgFtD655akqFhbLFPGALaN53VlyK1wYn3nLXPSGwXw7Z4VHrJrezx36nbhqpXX9DTgcoBbapcuZUDf3KF8mcPeCc5sDGcVDGDzgK0NUMcVlvXBL6rLEn53ZP3bMr+Buwbg902HADsCawNZZDA6aXvnZFHqwD7cxp5kxirjLvN6diB1nR2yXORYWuboeAgeiqNIDKcEbC0fqKM/fg5QpvCzA6IdYre6/NOWbpH1MJDvA/weLHSfSN1EtLt0KQNykWNpM1uyIpSF4uAnCHllNhS0re+hvNjUsX0HoJuEKzM9br546ETpjaC3ACYBFwJ6TDb/Gtq5El0XcOlyBuzFt2WelZQpl8KZjeG5nAGEPtWwKw/6kM8bcpqvdXc7KXNVUmfhd4ebAFwJ8nyPHwrb6x8qX4t+fJDx/MqlhzBgD2hDN8aUkrmIxcRJKKvw5tdjCf0IPshqrMP66XEz366tZxFauOXngTg/pzgNeBiw8dryy+jzE4Ar5LHAcoBLjRjgE6cs4bI7TQakdcjZTp8cI1NOTmsBXMq/D/AG5uTyXeACQMvxKJyuKxLyx5q2R1HmIbyWss+ttO8y81VMzLy+GwJ8c0dsBXAVJd978VrLA4gH5JyUXgf4TdpDDcxH+hqwBOgJwt9DTxlrU9fTPtFsmW9iighv2v0BLvPFJm9UyYdSvq6nxFZZ/2tN/2/Itq4bmW6iY3vocTLf7i0T7W8MnAksBKx/XX4J7RcDOwPUqdPqD+GUJn3hiRP5TEDzI/lrUc9VqK8mQYIVISmW8sbKK3tAIWYvqZ6Tm8jvkbF9D5fGlNTq6fJlKbqd3vwOBqDH2+oJiz82Poj4P3TQfmL5u9CP39fxLC3Lih7dCslwaJ0A3ADMAyQerjDHAVUJ+R8L3AxITHlSjodbaZcGA2nk5SXqQCik2Yy176accasY6ierNH6hH5OQntSt01DiCnBv4DFA2haovNRJOh1tw4A6CycEiVfSZiYJ6m4OcPX0VsC2+NApJ4iTAU5Q7Rb+kHldtP+k/Oh2B6Tsc/s7I0dsSXGzjROyCxhIIyrP7M63Nmn2dDv/CZJvARsAoe2B7hvKnwu9kIT6St1foCD5Iuli6F8FDAw5rriO18qOKWtInJz4Rvhg4GrA2kkqc5u3MdDq1RxMLhXa5d9fEszzYfYkkBRTUhsnXx7kbwssD2jpg0J/gA+0IsLjjLOBJP88q2I7H5bnAxOBQ4HbgTeAmO5GaOvxEiNH6o/MyBBvJNGJpfegD1dRWZ/6X89gE10+JbIKi8XRqnpuYdv1I/3UoDJU9EUfOzZRY5x86g8FdgGOA64AbgPuBKxeUpk/9jJ/PDzblHjyxip6RdLZ8HswkOUsiRPcYSrOmL9L0GcQkCSboXEhELKxZ5Jit7fxJrakXBuoy8LDVwN6tP0LgD+kIsJthY3PlvsFDI/JoGftNFNeKRBDmVX8QXF1NQJoZhxW9++wx8lpZ2A1oCp5HI5tbGWXN00Y/E5oeyslxu0T9GNNp0ZscmdS5vY2Ft/Sek4iZcnWcMQtkgiX2Xyi3C8VjZQ/yH+bOltchAr+aLTwPIvbp6LCLcrcFGV+AnGh6TMP5SIrAK421ge4Rc0j/PHcC1wNzAceBt4EmhE+sTlh82nLm3MkwDExttAEyVXlCkARuQNKTwNPALOAp4D3gLrICwhkcIZgbkYf3qf7ZOhbpMspUJpqFDmhTzF1urghCpz4iwonrdNSlGeg/VWAY+f88SHwLsB78B2A1/RFoOPlGoxAP6n+2hiRrmN+WoaRWh2Wm5XYslj74jmAlgko6HabvxLt3AqdDfDGXh1Ik37ocBDwOmDtxcq8YdYCQsKJfSjAV9dnAXcDMTvtqj8XPscB9gwHVbWTexBREg+fDUTcP0UnyV4r2y5DHEUennpIfInRbEyf0wY7NW9JOKQxEP7YbFvaGO8L6PCH3ozYGELlJcoBVxihPrurPs1mt474CPnlBMct8Q05dEJ2stS9DR8fB/zsjzoeVq8J8OnbicIVhOaAKwk+zHZNGUzoDHQQdAiulB5sYCZSzd2fUU6bJHU8WfI8TP8lMBAoIptDiSvNLL5CfU4v4rROOqEn0CqNALmMtYNO+9FPDOi81LBXJOEqxMYQK3PrRHkEsH2aiWGp0cB/eJ4zJ+DL+m53+U7EMAkYDchKSfvk1qAbhJ+w6HExL9c8aXx9A3qbJCmYtlEBfRtHkfJDsDvE+MpS5G+CW9AiPjt+hTU/MPARgTohZzHakoTnKtJXpzeiftkkxUjbNhF72rbkf4i+PHuSsk4HROy3opp8vRPxq2NoRZ6rAa6A057Q1hdUOl72xQjsuKZnGNWeAb1hGfR0l3VQ4MRv/beizBVX0VUvV1zHAEcB+wE8y6W9xwHGtgi4BeBkPxjoaCFJRQhPG/TsiN3nUU9idwBGAty6pUnoZovF/ASMhdp4VtVu2Q0OQr6L1vE863iAT/feQF6xfvPq17H/6gjKjovlJOGDKqSTl1OuXJ+L2KJ9Pkia2arNgL5LCgPj0R66mGl1smWMmV8jh9270JdxLAOE5ERUhuLhFi9UH6rL8v1MyHfeulWhwLGHzv7uQf1U4AzgMOArACejfkCRlSfUEsXykNi5gxrtuFiOXd8haAv11+edWYae9jDiNUwSPph5vR8DQvFIXTt3AUnx1baN27XdgT8CQlKR9PMZRhg6/0rzNQ127arr1kisfKuWZYm+a4ZYW90lNM5m3xDljdHGkFe/rv3tuFg+JxAst8wfAaH+gwL9Q1XcgdwQsUG7lwKxBy2agsJV4jVAKK4pQY0eUEmi+UaI+9nZQIicrHUnQZ8XRff/GspZZGV0ug7gE03rp+X5JksktpLiauZqIMnWo2KkxHRCJCZekzLF8lKm73b64p/R2LGxzDMmkbWQCfVhHc9EswhXbTEbrN84i5FAn6Go43dRIdv8vfZImYxRhwjJU7e3Ye4OZfMR05ZW5Nu0GUo/LY5XlMHfRPTYZXikTeyXPUkwJvGtU066ZYv2z3w3yTMYjB0fyzxnWjvSxva+QBZZEZ1C9lnHrX3eVVUf6ByVYFN88TihR0psGyXEhNLrwdRYIHYe8Gu0aT0UCwlvGr6t4OvVywBtU+fl4nFpr+uZ3woQCa3AbkJjFZMVn5A2VpZlLBJzGamNowyfZfngyt2OL63Mh2YWSZqsuLrLKjx+2QXg7yotNrZXsRuA23oIDwk/ADRRLM8FYiudZdGWJE+iUdtL6punjU8ra5t+9lJG1kd+FjAf2EzVM8u4DwT+AFwCrAdUIb3hVPMj+XlVBBOIpaIw2uaWDzzhOC3Ns32LPez1MYUdFK/9CGASwIknLR7b/iJ0qnjAwm19hGc8hJUvocISxnKaWJ20/lnbuYy3tlkel9VATfodFhkHn9hViOW0ihja7fMMOLDjtOVv5whin4C951EXepjzuvK7MB6PWJ95ymOg75LAQIjMnRP6S5PWWyiVTaZ8qvwL0LYlz4msk4QrKYld0vMrHIDEIGmFobTV9cUB3mXMe+TwzLd3oifpQ6jT51WcuPjCSdqLpLdDn2/qO+3+RsjlyxfhMkRylkjeVLo3ZlHI0Cf2cuC2DLp16jIcwYR4DT2Zy4rbxlOW3yr8fBZOzwZ4JDAN+DKwHJBHqKs5Ox1lbvUoowF9/+t+WfK8z7Me+NOfS4OBELkXZWRnDvpp/Yxq0W48E9D2dJ4rr06SNxCsjp/5n1c8ABtPxeHU2j0fLJqvy1E+yNTp9lj+LOhsC/Cl0ipAp93HCLk+MgqhhIjOSqo9rLcfeOYd6dOBeN5DnV6C57VZRX/GG+KVr9erlPvhXOJ6oMpAOsD3SMWVcJY1/SZ0Q2fFHTDseof4bOCiXJgj5B2N/sE5dG3X2Id9fWzHDihPQYyhm7vq0PWBNPMucQbsCit0PXXdsTDFFZRLmxjgd0CacMnnOWPhikr0JC0arujr9NSixirWeyXAyykVx0T3E1RczLskM7AFmpcAiwB9X0r+CNTzYN6lBAaOhg8hXtLpBfyKrqRFLiAPMEVfp5361uS3gfFk3WYXuASZVY5UcTHvkp2BOly/7NF2YU89MUh+pQLjPBw6os+UP9Y8Mhadtb7kZ+YxUrO+dgLm1rkOMhlBCL/MuzgDHcFA6LyI35IUET555EcgaZZDcvaZHdDNY6NIvGXp9IejXYABZTnM4OcY9BF+mXdxBjqCgZsRpdy4kjaz5J1o7B2UwAL9JH1o9yHaV0vQ96biDPCFilzvPC9Xint0TWegBQzITSspP6prRjgJzQHEHtPQ+RNXHfyqV/ez+TXQ7tIeBm6CWeGbeRdnoPYMbIkI5aaVtBVB279H5NfFIsOQeRkQf7HUJythrD3pdeoaMO/iDNSeAfvKvdnVlR6wnYi2Q6OtC5V/in7NbEl1DJ6PM+Bbwjg33lJDBvgW0E4YrQxzXMC+9Sfl99H3PIB/4e5SDgP8Fkz4r8N3YeWM2r10LAMnqBuWN+74NoxEfhBJ6c/gt8gnFG0It0eZ3BejlevCvIszUGsGbkV0csMybeU2LLR6076YvwXwN4AgoSLh9d6rgVZe+4qG4267nQH+q6P8MwOC+VZJ2laQ/nq3ypnbcQacgZ7DAP+KvJV/SX4A7NmVVKjMTxpcnAFnwBmolIF74T00QU0y9SMrjdKdOwPOgDMABn4M6Anr5AYr3AJOBeYCxzXqPHEGnIEexEAdD0r5WQK3hesB/NceFgAuzoAz4Aw4A86AM+AMOAPOgDPgDDgDzoAz4Aw4A86AM+AMOAPOgDPgDDgDzoAz4Aw4A86AM+AMOAPOgDPgDNSVgf8C/6C1chBdeocAAAAASUVORK5CYII='),
(2, 'Ming', 'Lui', 'luimi@oregonstate.edu', '$2a$10$N.sdrraSDHTfofMQTuY2Y.NryYOnPB2C0CkkOtW2/S3v7RAhZPe.i', 'data:image/png;base64,iVBORw0KGgoAAAANSUhEUgAAASwAAABLCAYAAADK+7ojAAAAAXNSR0IArs4c6QAADbxJREFUeAHtXGvQVVUZRgsIURPNGxkMFAYlmjDeKotCIxzRwKhJZwoqh3GsxmrUsprhRzMm2nXSrCkv5a2MDBMTipSZ0qaxHCWynMjwhlZgioCXrJ4Hz/u5elt773X22ec7e5/zvDPPt+7vftez1l573b4zYoREDIgBMSAGxIAYEANiQAyIATEgBsSAGBADYkAMiAExIAbEgBgQA2JADIgBMSAGxIAYEANiQAyIATEgBsSAGBADYkAMiAExIAbEgBgQA2JADIgBMSAGxIAYEANiQAyIATEgBsSAGBADYkAMiAExIAbEgBgQA2JADPSOgV1692g9WQzsZIB98PAWF3fB/U/LL0cMiAExUDsGPgqLOEgR9EvEgBgQA7VlwAYrupxhScRAJgO7Zqb0LmEmHn0/wA48t3dm6MnDwMDu7hlPu7CC1TLA5feMFgZ2O2g6CLgD4NdxMtCJsAOHX1z639KJQpWtNQMrYF3Y3ufV2trmGzfwy+99XYdj59u7g3ZdHNFHnZL+ZCAcrOg/tj+rWZtarYQlxjn9jZNOl4SXRmq8KRKXGrUxI+P+GfGKbi4Dr4yY/lwkTlHVMfANqNreAv0DJxxgbMQO3bJEcHYW6jH/8rIKVa62DJwRaet319ba/jGM2y5+77AxtXtph5buk1F+N8RzJG9XtmQUeHNGvKKby8ChEdN3ROIUVS0DT1Wrbni1dbokHJth7tEZ8WWj90PBSWULq1wtGYgd0DxfS0tlVG0Y6HTAyqrImVkJBfG75KQvzUlTUvMY+GXE5M2ROEWJgcoYsD2mmFvmIbFrDaHuMjpZhgPhwN8/KUtel8pNg96wbennqbNEDHSFgZdAq+9wYbjMQ2PXJDrVSTsG/v5Jmcbochl+RMK2pT9vht1lc6S+CQx0siR8TUEFy1xFeEWBzrLJ7wwKhv4gWl4xIAbqzkAnA9YbCip3SkF6LPlVscgK4gb+/kkFHEpFsxg4BOauA7YBnL1+GxgNDKxcjpr7KX0Y/nEJZs4v0FlC5VCRRt8/GapF/3i0JOxeW54M1eG7GPq799Saa340hxQjqN0q3Fugk/tmkv5hwPqJuf1Ts97V5CA82viMuQt6Z1pvnxwjw8e1a6Ev78Pz2lWo/LVmwLdvrY0dBuN4Qfp3AHm5CBgDpAqXe7H/HvAcM5wn3CYaBfBSOLd9OvnfYBSvj8SI8HHtWEuCfPlPubib2lGovLVnwLd37Q3uooHhSXbIS9blbJoyHvgSEOZP9fOnfCzv44Hf4kJ3LtIbL2GFsvztVHI5Mod6uDyc6uKYLukfBsL27re2befuH/9FznMRhu1wjC4Ps/zP8oR5u+Ff3fQuN8ERfLcLG2nt1NPKmHtjq7CFzX15O0pbeU+FuxngL0nMbMXJ6T0D1qbm9t6i6iwIZ0zLCtSegHTjoEp3IfTy9/I71XlJgf21T/6wI+E2hNe4OP5fWOpFwPmuLAmeDVA82Re+EJ3897qIjrxpdp5ifglZ1r54eXmVVsyAb9viEs3JsRKmhvX7QI7pl7m8Ybky/lXQF95p9O9rOzrXQxe3axotfs27BLU5GPBEvC2xlr4cw3Yi+NWI3kS1I94UKUvdi1IVIB8HKdYvZuOViB8HSMox4Dktp6WepU6EWb5+78sw1efrJJx1PzL2r1D2HJ74/wXgLzkwbgPwaaBv+rZV1Fw7SbBw6KLeuXIcUsP85rdC/KUGizM3Zeb2skg5Kx/78Th7nrmcRX0wR4fpolv1r1OYDf3uhhzS32/yC1TI15HLv1Bih00sswLwZX2Ys58vA7OA1Fk/ByEOpouA1wEp7xKyNVs8cVab2InFOZYYcUmy18WwLQetiM/zdkvIcXmi6MtZOKfYziReMrW8qS4PCPKEg/oPgK0AdS4FBqKzoJ5Z4rnNytfU+Kz+PSeo0PXwex4+00qfDvenkfTTEcerB5IEBiYhjyfYio2OpDFv1kb5xzLymz5z/+3y/dMSMty3uvzeXgtTj/m/CP9eAO++WFy77g0oa7NNeIckS+faoRyD6fH89iMLr0elfD0ZngCwv/m0HYjj6kBSEQNnQ09IMu9KhfJ5BMJ0+p8MM7T83Lz2+RjmXpiXoxDh8/o8Fo7tpfmynYS3RWzx+tjpJptBcMM7Lz7vYUG+QfN6Lvq1/jeiYr6uDP8hEs+9I0mFDGyBrpB87jF5CdPNH55aMP/FgKWZy2Vcllgec2OzNl5ZsPSq3cOdYXmDUDvPvt/pHZQgl8Oep35dIrezxcDZuKQiBkZCz7NA2NFiqnnCF+ah/+tBxthG47+QzhO5LHkQCaHOz7qMvPUbplfp59TdC1+um4EqnuN1D0I41kcY16+yGBUr6ivcopBUyMC50BWS/psc3TyJC/PSb1/QxyJpPLHIk4lI9PosPwc6n2bh9+akPZSTZuWLfvLmiAQdpivLJS9TAG7GckP1h0BWXot/ppWPFxRZ5nigScfQgzZgoXkK23QiM0mqY8BeFnPvKFDt97OOQf7YflQ4+8pTac811/KugsfiQvePlgEuT1xmAxwYQuFJzgLAynEQWw+cAfAQIUU44OQNjKZ7uNyrYQ/tPwngMpkHARzU6ySpAxZPw/YFZgCnATx1ngg0UZbB6Kw+wH0uSYUMxNbhZxbo3x/pYQN9zoUtLfVl8uV5lSBvhtOLJcYs2HRfRj2tvnVxuen7LeBDAE+zRgLDJRzkPQ8cZK8H7OqHT7fw2uEysuLnxAZp1ulegB9OSYUMfAW6rMOYu2eCfsub5RbdXwofwZlCqIcD2CMuztIPCAtW6OeLNg24EFgHbAeeAB4D7Nn94t6KOn0S4MyYH5/dgHaEXBE8cDkE4LL1XCBrRpzC250o/0agqcIZ42LgNmAtcDRQJ2F7nQ6sbLkMN1JinSmlIrFyFndWigKXh/tmVj7L9Sd6TkWpIGcgXLpmPbOKeHbg9wC0nwNElvBrzI/FRGAKwKXfn4AqbEjR8T08awXwE+AWYA1wO/Bb4PcAPyIbgbuBFH15ea6CjrnAgYBmISChyzIL+n17nIe44Zx9d1zF2FT2pkStGyIEkJBrEsv7bF/I0GckV/n15ddldsHz7LllXQ7ao4CqZAwUcTYzDzgbuBbYBJS1bzjLXQ47jwO4/SDJZoBbKLxcypkrP6RzgCUAZ/03A/x48dQ9q+14EZsrAm4J/Argx+e7wKUA38uscnz3eiqp0735sPJHzlJeeLzHxcWC3DB9ACDBJnyZUgc8K2PuPvD8wwLOZeOxEaoQ3vPq1jEzO8cngM1VGFpCB9viIGAqwNPZacB4YA/Aln074H8c2ApsB54CtgHPAOzsLH8owCUN2yQmfHnGAsxP/BX4M8D+8DDwNyCU1P4YlulHP2cz7MszgdcC+wG7AkcCk4AqP3BQ9z/CwSqvHc5BOgfGnkieYaFBrIQXEhiL9/kszAZ4GuCMq1OJPZcvz7pOFbfKs27PV6QrVLMQgRu6pDt8TlP8vh1T+2NT6pdi5xhk4ofjZICzbX4ouyX8QD4IPAL8HeAHmdgC8N1kn2caP2h8nxa0XDhD8ix8o4dCw+xJ6SAc3fl19JJS1pepKsxR/oJA2Rr4uZSoSo6BotszlN2K+PUAX7YDAC4ZeRiQJ5cg8SOAf0HzygxCmuejl30qlW/ObjjIsM05sxwHjAW4bfIcwBkoX2ouu/jh42yJs9a9WmAdpwDTgSOAopefgwz3An8NUP9WgHEcWDgDfqIFzoBt0IG3MmFdVwHHtjRWOTFo28iUDnIftJJgLyllfZmqwuwcjwJcw5uwQ7DxqpA5UHJLFYqgg4MfO5vk/xmo04DFgYWD0J4t8OIzDz448EwG+KIe3AKcrsid0HotwO2SDQBnPHURe999mw2rfdy8K5LYYLWkqFCX09mQq4FTg+dcBv8pQbgT75pOCgdluXnMfR9JPRjggPMOYB7AD8keQJHYTCnMtx0BDnB8f+xFDtPNzz06zoQeALgU4zLsHoAfVs7ENgL88HKDvO7S04EqlRw2CA31YGP1WsbBgG7aNT6i3z8vK3xUr8lpyPM9f1WazcHpIsA/IzXM5dZygB/BGcCrgVGApMYMHAnbYg1cF5O9bd/pgmFcCnBZ7J9l4Z8j7WJgPsD1viSNAc5MjENz82YreVr5AeUyfkVEp+lOcX+G8gsAbjWUtQVFJb1i4ON4sG/o63plTOS5UyP2RbJVHsXNVElnDHCPyPetVI3cpng/cFdEh9eZF34S5RcCowFJHzCwFHXwDT6hZvXy9rEjS+rPwFkw0bddaDU/CtOB84FrAM6euXfky7Qbpj4u9yV9yMAVqFPYIXh0Wjd5FwwKbaRfUn8GHoKJvt149WNlJN7nayf8fejjwCcZAAZWo45h5zi+pnUObaQ/vO5QU5MH3iyejvl2qyJ8AfQeNvDsDigBD7tOVVca5jo7v1ZXQ2XXEAOL4OtkgOIlyquBk4C9AYkY2PmPkWGnqjMloZ30a2O8zq31wikcb2b7dssLn4b83KyXiIEoAycilhcfCfrrLFwGWGfnxVLehpfUm4HdYd4mwNrN3HWI4x4Xr5MsAw4EJGIgiQF2KqIJMgtGfhPQHkYTWutFGzkb5qA08sUo+cSAGBADYkAMiAExIAbEgBgQA2JADIgBMSAGxIAYEANiQAyIATEgBsSAGBADYkAMiAExIAbEgBgQA2JADIgBMSAGxIAYGFgG/gvkYUl8xZgNTQAAAABJRU5ErkJggg=='),
(3, 'Ben', 'Redmon', 'redmonb@oregonstate.edu', '$2a$10$z1VGnZ9D97JLL8a4wOM5HuZA1VP61us7u.7shgMQn7OgYIg98Hg1e', 'data:image/png;base64,iVBORw0KGgoAAAANSUhEUgAAASwAAABLCAYAAADK+7ojAAAAAXNSR0IArs4c6QAAD3FJREFUeAHtXQvQVVUVVtB4SKCICSgSKIbmqBBhaPaDYmRgOkngYwAhp6BUpFRCUwcfWVJp+WrGKNEeog6TJMJgipnkYEjqgAMUbw1FQkAUSbC+r/49Llb7nHte955z71lr5pv9Wnvttb+zzz5773Pu/++zj4kxYAwYA8aAMWAMGAPGgDFgDBgDxoAxYAwYA8aAMWAMGAPGgDFgDBgDxoAxYAwYA8aAMWAMGAPGgDFgDBgDxoAxYAwYA8aAMWAMGAPGgDFgDBgDxoAxYAwYA8aAMWAMGAPGgDFgDBgDxoAxUAIG9kUf+zaD8UaT8ejQNuDfwEWAiTFgDNQxA5fCd97MBOONJAPQGdc3Fw5tpA4WrS+N+MQrGsdl92c+CDhDkLAf4ntEmtFDgWFAf6AzsAKYAywEdgNOWiLC1VpPYCmwDMhTnkHjp3ocsPvKQ4plGQP1wMDNcNKtPhhObnaak8/1qkzqyfirAXqrkN8LyEvuQ8PSTxc/OS+HrF1jwBhIx8BHUd3dyC5s7clzZUnCM9O5mLj2qJB+JDZqFY0BYyBfBpJMQnHr9Mmhi/3QZpCfLXLwp+GbNFIb/hIXooN/rIEXS2rQhm5iq84Q6ZNE3KIZMcADUBNjoNoM/BANNIU0sgVlmwCeSe0PdAe6ABQewC8GDgDWAYuAV4DVgJbDkPGazqxi+pgQ23ehjC8ITIwBY6DOGGgFf31bp7kp+sEVjLY5NoW9JFUf9/ggfUpi0+qEMJDVlpCvcRv548AQCq0oAgO7oDPDo7fSkxc1i6syLVyd1VIqHfYfUktnrK3oDDTyx4HRWTDNMAZ488rVh4uH1Qkq41GGqy/Dc4MqVClftu2LT/C024Q8bmc3A6wzBzgUMInAAFdGUYW6fBPTE+DenR/68ZzhYKAtECZcOv8G4JP2CKAbsAPYCLBuO6Aj0Ak4COBr7+0ALyyfwjzb4Lc464APgAMBPk15rnEcwIF6KvAg8B3gfcCkeAzwBtUyGhkP6MyQNM+pOBZ80gGZHDe1EH6uUamt+6EzRjhzE+LXiLSMnoPEozLD4ukYkKsoDrw8sDNCu5wETYrJAB8qvnET1duBUOSDzmdDfhEf1V4avRMD/JC+rREN8GNSWeaLHy/0LZqSAS5dfSQXMa9SV7mCOx0YD3wSiLPShLpJCgZ844Ur7jA5FoW+ejLvY2EGqlDGlaFs3xd3K8EvRtB19blKNMmAAW4BHalFDteH9LU9yp4P6Mdk5PNtlkl1GfgWzPvGj69VvhRaGqAvbeRxBnR7BL84FmdF0JN90fHXQ+pvE2XTEJeH/OSORyX/BHiMsgmQtm9EmtvaupK4KwueNX0E6AicBHwG6AUMAYKEF2we8BSwFaANnj25Nzr7Id4GoF2ufBiS2LeBNwESzpXQtUAl4RnBdQDraxmJjBlApUmpH3Re0JUt/V8GuGUZBXQFpgMLAB/XyA4VXx2Ogz2q1h1IX6LyXJK6FwIzXUYVQt70vNl98mdkDvAVRMy7EnqDgbB7J6KpVGq8x54FyPXTgL423ZA3HGBfeX/yfvwc0BPwCR8wTwKdAK56jwSk7k6kXwGWAXcDi4BchE85dlYiC0fYWWnTxd9C/tUAiQkTPkVcnajh2WEGS1LGiZ2DdCLwDuDjjg+SJHIFKml7zNPClydaz6UrXXdtK2p6EBT/pdpl+j6AN5+TRxBxvsQNz3dGUtiI22ZU/S019ukswUXNo5qULik96B5CHieiSsLVnPYpapqriaIJn/jtAT7p4gpXtLxRZgGLAc0DJ4efAMs9ZVrXpWdDN6k4GzKUtrj6l2UuPgn5bnUu9dPGafMvgGsnKPwtdMj/zR7dXZ48aYcrj8MBKbymaSY/ab8e4z+VZNQ6PgENStJ+ntABLiWXKFvSLrcPUUTW8cXnwgiXxL4y5uUth8GBm4C1QJCPb4SUbUDZnJDyIJtR8y+A7aTCbYVup7cypsu5HeGRQTWEY1W3F5a+16PPSWyHJ592xgBhRzC9UL7GU5cPkJWe/JeQ95gnP8jnl2PoBtmoRj6PlSJLGIGRjQjFlohvBA4ReQcjvkWkw6Jccv89TAFl3YH1FXRYfCDAbaNPuC9/tbmAHEwHxjanZcAV4usAV3OnAScAtMmJbhXAC5hUeONNAy5rNrAdIZ/y9wO3Ajwj4Ta7iPJrOPVjgA+VNLIZlTk+nPwekS+5BEIfv5ygLwceFHpJo7z2fQBeW16LtMKx0lkZ4bW8FuC2Moq0gBLHG1dr70WpAJ0DgNFAE8BzYt5/7wI8m3oI0PdBV+QNBIYArBdHOCmzjQ+A1sBBAO81yjaAh/ucA1oB7Ae37hzH1NkDsPw1gNfxSWA9kKtwMHOgOTwXwZv9ofNdUcfVleEalMe5gc8MsKdXZ22gNzhAlzeF9EHHOclwUJwHaLvICpRuKFkLaHtFTE+Fn30BDsCshTcObyzZ7+NEI/1VmdRj/NtAGr8urWBftxc3Lc+80FRhhZPsdQC3pncCM4HZAO/l8YBcgCDZWNIB3dEXlnlBwqeb1tfp56HTLshAQP4Qj92lyDsHmADw4uh20qbfgM0eQJiMRGHadtLW/xN8mAcsF76Q428ATQD7wNVHLeQXaET3R7b9TU+51mf6aoArjThSze0yfRoXxxnTzY8BLo3loOLyVgoH5DBA6gTFT5YVY8S51QiyWYv8tWj/K0ALwMlXEUna9h9Qlyu+J4C/AZuBF4EHgMWAz+5W5P8AuALgVquIT8rW8Ev7PgN5UgYhUelA29n4GXR7y8oh8ahj0NmOG/Is1qQOGODZj7647uKd4imTujzDmgJwz8vl/gXACkDqMM7zjtsA3ohtAZ/oOnmmn4aDSdp/BPXibDd9PBQ9b6qHm/bKaR4HxOXvbtThGUuYtEOhz+77yN8dUObT13kXhzVqZcVjQF9ApsPODN5BOffNnIh8dSvlzUc9noVJ4ZO5Ur0o5c/AzvUAJ8+vAzcADwFR6lbS4U3VBATdOB1RVgbRPHGrqIWrVV4DrRslzaOAfbXB5jS3w1FsRNHhWWzLgHYsu8AM8EaLcoGz1pFbMNJzY0o/Kh3090hhn29RpPi44JapDMKD33cByUHPkI6z7HalL+sGxS9HHT2h+HYEQfV1/i7Y2wR8H+CuwKSOGeD5ir7A1U5zQGo5Ehlx212AOm20oZC0e7W8OmJbvvMkn48hTTZcEc+fNAdRO0n+v+apr+259CToyjeMI2LUdTYORx2TBmKAqx13cbMIn4K9S4CzgeEAv+Pw2Q36uJBP5XsD6tDOy8A4IM5EBfX/E7Y/GvD5xjxuA7UcjQytzxVHmYQTiObgswkIOAp1tntsadtMbwGaAG4Xw85Xd6D8HmAYUJZVL7paPuGhuBwoG1TalfFg/WHgBuBHwJXAl4FKWzLfmQbPyioJD2OHAiOBXkDQ+QaKEgu3Hq5/MvS19bhHl+chZZNb0GHJFeNJhS8rJgLaXlB6JXSPAM4D+DDkA3IKwDfOJiViYC766gYJv4b13bBJ6QhaxSW1l2U9rtZcv13Ij/F84splWGmy9tmp9zy+OJEcMD4kg05x0uGW8x+Atu9LfyqDNs1EnTLAp5YcFAMy7sc6ZZ9tBW0LM2461Jzss4vzbaCWMchw5TLUemVJ+84+s+o7H3CfB94CJNe++NvQ6QKYlIwBrqg2Am5Q/DXj/n9B2HZtcKuXp/AQ2PkiQ+1T0AqRk3BZhVs5yRnjJ1aBDE5GCz1t6bavgg5XfiYlYqAf+ioHQqcM++676edlaD+JqQtVf9n3izyGxnr0qOt7i+ip3rBZ3/PwUq3O8oF6rqc9OV4Z529ATUrEgBwAszPut7TNOFd0eQpXSNKn95DWT2m+bZI6Ln59no4XpG1OIo4PF2r+quEqP1V409O28+H4ajRqNovJwDQ1ENJ+PiB76QaUC1fIwhzizg8XLvP48CLyXLkLl3j0yprFTwgcLwxr+XMXrnD5UJXtu3gH5JuUgAF+2e0uOsN7MuyztMv4rzK0HdcUVwLanxHKyECPDuvw/MbkQwb4LZrk8sOS2sTOV+3TF77p5mcxJiVgQA4+xrMSbZdnSHlJZzSs/WkvnAk6kO8vdCz6PwbkG2ZOXt1zIOYytKmvJ9N2ppXDxah1k59WF/+MDBzwHbofk4HdpCZOUH3k4HbSCpEtgO8GcDoW7s3AdMHXS3sX1Sy1UPggr93QmnlgDeXCgO8wNa0jPG+Qg4hx5uUlH0fD2h9u9Xx+Oj374Wzw1eJHn44nhj2CVatWwl8t8Mt36YeL86891OKFQNU6Z4bDGeBPb9zFZsizrTTC1ZS0x3ie4jvDWgCHtI8unedqME+e4rTtuGLIN7B5SNjqeEweDlmbtWGAF14OQP4gOY3wB7LSHuN5i/bHl34MTvI8y6QyA9dCRXLYtnKVqmhwpaVfBNCvW6rSmhktDAP8sFMOQA6EpDIBFaUtxvOWq+CA9kmmWc7tsUk0BjpCTfI3JVq1qmm9oPz5RNVaMsOFYIBfussBOC6FVzOULdotguyBE7KPLt6nCM7VoQ+LFJ95nxsdBX9GAHwrbFICBuRfceDNnVR2o6KbDFyY1FaW9fgl+63ALoB+jQdsVQUSEso1qOeuL8O0RwkJ3bBqZWXgSHTcDcC1KUhwNmSYwpxVLSgDbeCXvMaMmxgDNWWgCa3dBnB5nUR8v8e7K4khq1MXDOyEl3LSOqUuvDYnjYFmBh5FKAcw42k/kzByi8sAD7fl9X64uK6aZ8bA3gzw91xy8Lr43lqWajQGtqnr3mj9s/4EMMCftNSr0PflHufz/MLd445lVYGBrcqmvXVVhFiyWAxwstoMuBWVC0cVy03zpkoMTFbX/pdVasfMGgOpGRgOC26CkuHM1JbNQL0wcLRnDNSL7+ZnCRg4Fn1cDcgJSsfreXtbgkuYaRd5rfX1z7QBM2YMxGWAvzfkh5b6gFUPVKbt93hx2a1/fTkOnqj/7lgP6pEBfgV+OiAHY1j8Wejyz7aYlI+Bwejyc8DvgF7l6771uNYMcHLqCQwC+B+OwyYmXfYk9LsAJsaAMWAMZMIAJ6RuwFnAVGA+oL9S1hNRUHoD6t4JdAVMjAFjwBhIxAB/Lc83NvzvJncAvk8NgiahqPmnwS4nPxNjwBgwBhIzMBE1o046cfVmwbatphJfGqtoDBgDmgFu0+JORFKff1pmEtAX4Nfp9lkCSDAxBoyBYAbSbLV6w+zFACcawtniWzsX53+HWQksA1YB+icVyDIxBowBY8AYMAaMAWPAGDAGjAFjwBjIh4H/ANwVcWSzI078AAAAAElFTkSuQmCC'),
(4, 'Amy', 'Winehouse', 'amywinehouse@fake-email.net', '$2a$10$voPbC2F.7oWRmB1S29hIqO2wD9R1rP5btlZ59ig6vhKEyJf8NhQeG', 'data:image/png;base64,iVBORw0KGgoAAAANSUhEUgAAASwAAABLCAYAAADK+7ojAAAL6UlEQVR4nO2dT48cRxXAfx9hvoHrE1j7AZBSZ2SJvYHkg/vABS72gUsOxC0uQcrBPmFfws7FJoKDHf4GJNiO7ENAKF7JSTCK0Tb/ggUhuyERhhBpOdSMpuZ1VXd1z3T3zOz7SU/2Ttef1zXVr1+9fl0D6bwBnCXKtRbtKoqirJ2HLAzS/4AMsMAvqBqsk1E0VBRFmXGfhUF6KI7dpGq09gfVTlEUxeMa9R5UybLBujmYZoqiKALLskGSSC+rGEoxRVEUiWXZIFlxfB81WIqibAiGZYNkxPGJOP7HAXVTFEVZYo9lg7QXKOM/SfwcZ8QURVEGJ8VgfZX6ZaOiKMogGOqXhOA8qtIrMx1EM0VRFIGh2WDBcr6WJpAqijIKMqgei09do3npqGwmu/RdTYA7wPvAyyProoxAqsEyopy+V9iMHbn/PZw3fAY8YjcelshXxl4ZVx1laAxpS0LQOFYbjlgYirGQSb/ZiLqsi09ZPqfn7IYhVhJJ9bDAGal5uePeNVsvZiYT6o3yOrBsxlPVudHcJa/4Q6rvt2ZjKqQMSxuDJbPeTd/KdWAPuArcAB7gEl1DW+XkPepgRV9jxJAM1XPeBYNVUD2v+2MqpAyLoZ0ROmWz7mx7wHXgkLBhiknRo07yAYXpsa8YGdVztiPosW4Kwt+nLgvPCYZ2F5cfFxkjPrMHXAEOWASU6+QZbpLPZQhv467Q4VKPfcUIbQ20C08L/fQaXRaeQwztDFabJeQ6mOAM1B2avagjXJwtYxGvGgMZZ3l7BB0KquOzC17IO4S/++mIOikD0sUA+Xe5vAed9nExqEfUG6gS50nss1kXo9TzdAQdioAeu8ATwnNBk5nPCV0MVsb6J8o+cI/6Zd4RzkBlbGbAf05o2WIH1uHvov8PBu6/Lwri88OOppUyGIZuAeJVg+8G+DLxWNQp7sLP2TwPqgkZdF9lyXIJl9FtW9Z7Jvp/2rH/TaMgbrCmo2mlDEbXmFTu1UkJvlsWT/PqDFTG9geHDdXz+1eHdr4t2jhoUdffEuhs1laMC8DvgE9wqSCbfHMoiBusMZN0lYHoarBkPSuOz/OhmpZ5b7B9HlQKOdVz/WLLNqSX1GbZMxX1spqyH4uyf2Vzv49Y0H2X4nRKDdLwtGHq1buPMzwHuCz4ukl1iotFbbsn1YQ0OG1/wCM0dvcS6+aino2Us5F+spa6DsVfqJ9buz6nFLobLLn5X5OUuAtpU+/e6+YSq3kAq1yUMo5mI+XySB+bmj0ul7pdPVBli2l7QRnccq/Jk/INVcb5MVQ+JctjkZqwKj1fX57SPJaWtAs5r+nHx+Dy4a7P/jWJ57Fucurn2i68fqTUkBrDmidwHlI/YXwp0Due9HRSA8OG+rFtWl5aUf4B7gaTiXLTmj4u4773g8jxE1xC75cSz2kd5DX6ngG3BtRFGYEmg5WSHyVlymbnSQ1JyFNKWdLJffQ/C7ST1dS3gfJzI+NTRMqdAb8F/lZz3Jdj+r85GeDdBD3Ooyd/rpDLgIvA66Qv+XzRnwGrMqVq0Ju4Jep8n+pYnxA3frH4YinKtf1+m+QE+DFu6fgAZ/Dex82lE6/Myeyze7Oy14EXas7lMNLfKdWnnFmkHWUHkB7AHdIn5ynu4ttnOVbTNY5gvf9fwF2kf/bafTTra9uQxiPl7QC5l9UFwt5QbCdRGyh7RnWXitD+UmPKc+A73jlNqPfu71JdJr4bGVNlB6gL7sakoBpEz7zjxx308HfoNMB/avp/xGrLD4uLyxzOdD3Gvbt4lf6WEyXtvAB5zuAM32ngWCjVYULV6IUMVtNTN1+e4sbuReAt4Pct6raVk9kYhXadmMtHs/Oc4BJz/WMmMiZXWCQwHwA/xK0m7s0+O5z9/wD4Hs7TvS4k9vn82I3Z/+dtPp59fgVNu+iMwQ1s6AIIyRHuTmZq2iy98m08ISv6Sr2IfkY7A1O3tPDlest2U8hEH3XBd+mRndYcm8vlSFtfEeVksL70jsn90qWYQPuWqjFep/wj8vlU6CO39JFefk67OGyfcogzXkoD8zvMPdIG9kPcBLeJ7Wde3TZ5PDZRn5A8ovmudQH4act2UxM02yBvDiZSzopyReC4bCu2t7lsKxfH5bGS8Hg0fZ+XgTdxnte8zse4PdhLlvckK3C7LhzN/h/rMyT/jJynieg7oXnXj7HkOQvv/rqQA1wM8HUWq4FD3Ly8AXwTF/PbSY+tzZO+n+DuTl0HovDaSm0j9LKwL+/R/A5ZzCPaB/7b0H5Mvp6ofypyeROL9eWiXMhY7FH9QYbQOFhRJq85ZgM6ziVLOL9VuIjzmmQAPSSxeeUb8ePZZ6GdM3ZNToCf416Sf6F2lLeAUBzDlw/E36ta7H2vrWliHenOS7Fe26HH+/JCnGMb2j3F3d2fEF4aHyXqn4oR7R9Hyr0mysVeXL4I/FuUlUbLiuO+kfTjXEfeZ9LAlwyXKmBonrOHkbqFKJfXtFHM5Ne491nzgLyGM+Chz28n1tkHXsXFvMqG81qnPAJ+wMIT2wos4ZMpcYO5Rz87iPoTLqW9pidVxis7IX7X/CXuy/kabveBujbzgG7SaL2TeL5tkLqHbhDyBd9Xa9ozVM/Nv6BfEsdCXqMVf1/ELe1K3IU2dF7ThOZ3BrNAvUKUCd2EbjNentYEp3dq3HjdcszCEzO9nmlH/DtoifN45AViiBuHrvheVkqKQ90gP47U6erq/4b4hJXLkSJB97ZY0cfdQBk5ofOGNv3xnst0dkwu8b61gu5DMqE+C/+tQJ28pvwpmxXv2cfN4Ye4a9P/zouZvI3z/qYsPLZrwDdwN56c+lBJk5zgQkVX2LBkW1tzzLB+gwWLgUx5FaXO+MSWZYb2d6q8RgcTKN/mwUEbHnt9fEJ1skg9Uox+KA5oCS+TtolYfPNJi7LbeN5t+QLu/Kc0L6ljcojz5m/gViq+XKXftJ9k5GPydd2F/Hab2syJD+KLNfUs8ZhW2wkbCjanGIouyAvLTwEJpS3YxHZLUe8eVYM1XU31UciojsmdQDkTKFd309t1fCNW0N0T8+V4QP2DWLpdHCm8QZqnInWIXcwhJrjkv5C39Tkut6jJYJpI36ahXlcmLBsX3wu1AT1sYruhuu+Jv4uVNB+PS7i41qe47zR2p5+yfL4lGxqvGYm5ESvobrRGXVpbul0cKbTxskrCg5OqzwRn3PKZWNLd1yLQb1/LwTlT0Z+ZfR5a1rSZIHJ5/VT8Xayq+BZgWcR7Rl/CbDj7uLmYGl4px1DSx9KfwYLFerrJAMTyf8ya9ZGEAtanI/Q7T12YBvRpQybqfiT+LlbSWtllDG4b73wmU6ppHaPfADKWJ3TWY/umptyE6vtgD9esS4iSqoHIBugX4E9en5/hxkD+7l7Rsk2ZpiLlvMZzlB1BLkH6CDSXs7anDeUusMj/+S7DWPOhl4I+8ldxrlE12j/q0G7dO4F/WFlrRRmRIQxW7rVvemh/FfyYzynDurwTqq+TSAMTe6m5DoNLlwgZrCG8VkXpDWmwsp76mV+Y057aX4WM5p0o+iIWu+sSv/LJI+0VK7SpKKOTMYzB8i9M01Mf20go72od8SbpvflepKJsLbdZntCv9NSP8fq42VMf20pB2GBNV2w3lCKhQXdlq5FLkj6NyTxedIJ6WT6WsMEya2j7V6LNpkRcRdloZKJhn0/JrNfPSz32s43M3wqYS77Gtl/GbXuixkrZegqGDcrOM69Tf5/vPHENt0S3I+uhKBuLfLO77xiHH1fJeu5LUZQdo2TZYJU992dYPL067LkvRVF2jJJhDRYsx83MAP0pirIjPGPZYD0boE9LP8FlRVF2HP8F3DNcUHwIShYpDoqiKEncYtlg3RqoXz//Sx+3K4qSRE5/+T91GK/P6UB9Koqy5ViWDZYdsG8/8330jcEURdl8LOMZrMzrt68ffFAUZYewjGew/B0Fhtw4T1GULaWvn/lKZer1bQbuW1GULcMynocF7X5ZR1GUc47/c/Zj7ZWUoS/8KorSAju2AoqiKIqiKIqiKIqiKIqiKIqiKIqiKIqiKIqiKIqiKIqiKMoO839vhC1nCKVZUwAAAABJRU5ErkJggg=='),
(5, 'Otis', 'Redding', 'otisredding@fake-email.net', '$2a$10$4zWhqZrUU.eKpyxvQpkJ1OE6nb2/bwGT3d4/WKzWOI5ExZn2NsKYG', 'data:image/png;base64,iVBORw0KGgoAAAANSUhEUgAAASwAAABLCAYAAADK+7ojAAALr0lEQVR4nO2dT48cRxmHn4/QH6E/AZoPQLR1Jpa8x0g+uCUiJHLxInIAKbBFLt6blwiRHBJ5Tk4OkbxCiYwiRTsCSxhIWCs2xMhGMyQQB5Ro1nFiARGYQ3V7uqtruqt7+t/MvI9U2p3+U1VdXf2rt96uqgZBEARBEARBEARBEARBEARBEARBEARhc1HACNgBzgIXgb8Cj4Fp6m8S7gLHVngfuAZcTm07SZ3zIfAusA+cj9MKOrg2QRA2iJsYQeorXEaES+iIENNa7qfCeeBbSCVcBxT9ilUSPkfqi9AyB8DXFFfEKUbEpDIOk4D+LawkHLR8rcIWs0c90/9sx/lUHae3riiMD0vF4QD4C/l7+AkwA+4BEyv8AfglcAjoVNiN/16JwySOw477RgvXJQiErNaSPgKuAhfiuNoisRxOWkxj01Fk751qMO4/W3FPGoxbEJ7gsq6OWLTOzwEvYlrameNYOxzTvOWlaO9B2yYU7ZTjmHw92GsobkHIoMlWtJslx48wFXRGsXDNgZ9jXqnvxCGsmUdlxT2qGc+2o2hesMa473/YQNyCkENT35R/lnpO3l8BT1VIR+H/oEWYLuoJxt8iLNBky1GvEFcA/Ab3/V0lXkEo5IhsZbtTI45djNBVFa5jzFvHnZL4FeWCFbEYFJm28oQFL5Mtn5drxhNgXrq47ul45VwKQgFvk61w11eIK+kunlJdvIqc6bafLW05ReSFKgmzFa5lE7lPtnw+qhFHiGloXOX9ZSO5FIQCbHGJVogrxHTHjoFX8XPS+3T1DqzjDuJ82g+g3bUVX1eWT8mW0acVz48wVmvRPYyayaog5BmRr3CrPOQTK64p8B1MJT5M7f8MY8nNUscWOfvvWfEuG+A6i9OSga1uZuTvjw8B8GuKhSrdzReEVrC7WqcrxresEl8qOU+V7P+kIO5E7KKaed4mbGu6zMcXYHyMD/ETqyRIgyG0gu1wP1oxvjHLK/GPa8YZsLwbMgNeWCXDW4b9RneZVbuLcaoXdf++KNgXtXUBwnZjt7hNDPbTjngfA/+m2ticADOGa5kDXyMteVXsrvW91L4AM1vhA5YL0X8xL2ki4E8Fx11p/UqErcPlvwobijsgP+YnERmfcy9R3Lq/11A+tw2XYCXdvinLy9vVQBQJ1tdIYyI0zAtkK9k/W0jjjpVG2TxATflbqMfIPLW62C6A+xSX9wy3JRsUnJMEGbQrNMohzfqvXETkK7Kr5VUYMVtW+f/eUl5DTDfoLeBjsitv7mPmRK67pTCKQwD8gnKheYDp0hW9LVYe8cgkdaFRbAds1EIaIfmKnE5nhBGJZZX+JubhsMX1sEZeFEacLsZpFqVrh48x3dTzrM8cuVfxv76krHfxE2jtGee6i70wEELylStsKS1bGD+PtxetwXVK9gXAM9b+ZzzTPodxIj8oSKtOeIDx+STW2AlGAKcsVmntc9BqRDWhiirGv+uI5x+ObWqVi3CgMFbvPuYt5kVMQ3IJM2D5arx9PxV+Eh93If59Afg+8F3MfTob/z3PYpL+06n/d1JxJWntIGLcKYpsxZq1mFZEviK/79iWhDH5ymA/IIl/ZISpcHYFiih3IncVulgrzMb2VS0Lt2rGH3rGr+Jjf4AR9fTMhFOM5ZoW/mMWovPb+JxjhnMv02Ee5zOsWYZCBWyL5c2W03uEXyVYNqzCFqxzuOeznVZIyw5fYIR7Qr25kD7hLvA67fvGJla683ibPTVH14xf4Xe9v/c8bt2DrAzSMvbcvFdaTi+i/KargvNtwbrlEV9ZOMU4l/dwt5KjON8TzHK/bVX014Afseh+JF2XfYxl8jTVxU070rrs2FZ33F1AM/dg08Ic02WUOawNo/EXiyZQmIGjrps8o/wGu3wmVcL/gHcwD6iivnWjMGJ/A+P7mcThCPhdvG22Yl6LHoZjjKCVlVeAn5W46oN1hn66axPMXNQx2fXm96zfGrNa7kFq3x7wPGYl3QhTt6I4qDicSf2flFGA+XqUxm8NuBOMX0x8XQ2g6U6w7Dd89k31uaGqII6icEp/I+JVnPYR7XQx5xh/zyWMA3nHCj8tOf9Rg9e6h59QP2Ih8teBv5H9AMZNFg3BPeA2C+GJGJblsosZu+hzr64hy3qvhKYbwSprie56xqOs89JvpL7CiMJHwH8wvqgx5iEaUus2YtHK+7TQbYe6DvciFPBDjAV6g4VPULO5zuldiufQpsMUYyEPqV6uBZpsQUYtpKHI3zCXE7aOhfWm9XsdCTDX9Qym/BMxi1h0R56K/+7ht45+lXCfzRWRPkimo83wK/+3gG8j4uWFJlt4uoU0AhaWRDIAFPJv8ZTjXBt73uOz1u9tuukjTDfb10q7RV7gkzBHuiptkNyjL/FvQI4xXfx9jBV2Frk3TxiTLayftZiWsn7bY4S0Zxzpc+xBp3Ya28Q3MVaZdoSkW3yO4oelbL0yoT4KI16r+jHnLMalpYVtp7Mr6RHXksNdYYvN1OOc0DrnG2StN6GYK/i18NtkqXZNgGlYfAf1Vg2JmF3CWGdhFxfVFZr2u4TLCMkX9pmSc+wuYfK2SLWSw83D/tDIsjBlwyr6gEl8mBrzYmJGOyKWzIEd0hvWymj6EyxwL3NShLKOX+vC74EJ2fJ7heU+sK8wFqzQL4mgJePEdBwOyQ4DqeInS0QsGQ6zT3YO5WCfK02/gqXIF+TlCscPtmAHil3WyTSSPdy+lYeI9bpuJMNmxqxurSWDvOcYq3sa/2+vndbZSxttJay7SNTiOvmCWpaP0DoubD13m0NAvpxVan/I8o/g7neXTaFhQhZfqzoiP4+0qTDu4mK0lajuIlGLEHfrrpYcK4JVD0W+jF08D/zLcWyR5SusHyMWY/s0RswmLLqYM/y7madskYUF7jmCU8dxtpUgb7P8UeQr2TJC3N2Jq0iZCz0ypgezbgmuhfxcS3WUWQiCm5fIlt3tkuMD3F1EWfJY6I0+x2G5mJDNz4eOY0Sw6mHf6zc8zxuTF60/tpA/QShFM4wuYcL3yD8cdhdEBKseE7JlV2UNLJf16zthXRAaQzMswYL8gxEV7Bf8mVD+UqMIRf4rz77LAglCI2iGJ1gTivMkglUPuyGoM4YtIP8R1mnNuAShMhoRrG0gxG9Igy/2DIU5IlpCB7xBPUdsm0wQwWoa++veriEjVbFXkJUlaoTWsSvdYb/ZAfJfwbme2mePwxL8sO/zUUPx+g5FEYRG0AyvS2h3N+6k9olgVScgP/crajD+iLxoNRm/IDxBMzzB0mTzNEntU4hgVSWifKhIE2nY06uihtMQhLUTrPR6WPOuM7amzGinO2gzQkRLaBnNeglWmNrehON407EXPKwz/qoKIfn1tXSL6QlbhmZ4les22Ty9Z+1PtsuctnLaeDtYRkDeD3m5g3SFLcAe1jDuNTcGe2DiO9Z+sbD80XTTHfRJW0bFCyszxGENE4rzlPhJZp3maj2Z0K8FHZH1a02RAabCCowZXpdwRnGeVLxNKn45E/p3giuyojVHxmoJNZkxvEF/tpNY95qb9WbCMMoyJO+M3+8pL8IaY4tD2Gtu3G+1oj4ztOaMGYZgwXJnvPi1BG9scXix3+zkFpkbgoiuM4pFOZ4yjG60RpzxQk1ci8xfxnwxdgj5udVTPjaJECNcYa+5yLJL1q91wjDEVBg4z5EXrCQ8xHxksavWzzWRdtxR2kL3jMj6tWS1B8EL269ghznGQRq2mAd7eMVjzKem2kxT6B/brzXpNTfCWhDg/tCAK9xl8UnrptK+tiQt3VAawvDRGGtrCG+phTVB4S9caevrFvA6xgrbwd8qCsmvfZWELkdkC4KwxgSYt3WurzFXEbJj4AbGiZ+I2Q5wEfig4Nxx61coCMLGEWBM9VWEq2p4qYsLEwRhsxlhrK63aU+soq4uRhCE7WKE8XntAq9hxGxCPaE6Qt4GCoLQEyF5MTtiIWifYeYwRohQCYIgCIIgCIIgCIIgCHn+D5fIBRShBzcVAAAAAElFTkSuQmCC'),
(6, 'George', 'Harrison', 'georgeharrison@fake-email.net', '$2a$10$aOPOMU/czkxOx3G.3zplXeTConCH3ZPHOfhP5EEdpN60Az.9W3qTW', 'data:image/png;base64,iVBORw0KGgoAAAANSUhEUgAAASwAAABLCAYAAADK+7ojAAANsUlEQVR4nO2dT68lRRXAfx/hfgP6E5D7AZhMbUUSZuckLOi4k80MkYVE4zRsnMQFE2MCC2DuQgiJY3gRFWTBdJTEwWDmRTCaQDIXBBkRfQ8GARnDdVG3vd2nq7qrb/+9951fUpk3t6tPne6uOl116lQ1KIqiKIqiKIqiKIqiKIqiKPvCGeAycHX9t6IoyqSYAeeAG8Aql47GVEpRFEVyH/ABRUOVpeMR9VIUpQIztgIDMwMew22oVsAhOiRUlElyiG2k18dWZCAM5eHfClgCCRCNo5aiKHUYio3WNDhv14hxD/8+Bi5ie12KokwYQ7HxzgPO2aUeWQw8j3Wgu4Z+KWqoFGVnMDTrYTXNPwYR8AP8Rkp9VEqBCHgKuMWmglwH7kffZlPD0M5ghfTIhiLG9qZ8RirF+qjuHEU7ZZKcofrN9lfgd8C3xlJQKWDY7R6WL4ZqBfwLuMS0jKoyISKqjZVMR9ip5Wh4VZU1ht00WDPgAu76tgTOj6SXskMcEG6sZHoFuGN4lU885yk+h7gmv2Fcg1UVP5WifiklkDtxV6JrwBueYzJ9iX1rqp9rOBKKzyCpyX9G5B/KQFQZqg+A7w6kh7InvES5IiW543PgWeALRz5XugzcO4zqJ5pnKd73Z2vyJzQzcG2JsHUhpM7cQP1VSgBzypXnv7h9UzPssGPpOMeVdiHWZ5eRgZTv1uR/XOR/vENdTO7vCGuopI/qGLhCdZ2JO9Spa2bAaexEwb2o/3YUFpQrzc8DzjtDmN/LdK2w8n9uUrzXN2vyvy3yv92RHlkw6p/w96guYRu48RzPp3Md6dUVM+AnuCcJjrBxY9FYyp0kItwVZhs/1Bz7dlyw6YEdtldRqWBJeVhVxesi/+sd6GCoNj6XKNYnV4/elZ7vQLcumBPuCrkwko4nBjnLlFWwLjAdyVH8LGlmsFKRP21Z/gz4Ke7Ge4C/13Es8v7FI+NyS/3aEmpcpaHViaeeyLry+RSNqZDSiJRmBqhpfh8Gf1T6IfXOc1nvLuJ2TawYz6c1wx3QGpJuA89g/Vy7NJGQ99FdwD7jq9j7cMTI/kXX22MxpkJKY1KGM1gz7PKs61Q31rcCZMlZ6cO1fKnfCttQxuixLBy6rIAXsG3HYHuR73ryyfRvNkvcxjZimWHKjFLdM80/i9H4sUOhJnE5MfAi8GDnmimhyBm3KzX5XxX5Xw0oI9sn3VeJXSExpqEe/8gdc03kXA3Qsw1ZAz4NfB34o0OHFf4I/IUnf13jv8ww4T/Zy+Yy8A42CmCbnmM6gK5elkKZTxucuxDnPtexbkoYC5r1kJ8j7LlVLZ1ZYX1QmTM9cRyvW1rjOifKle0q8yrduytOYdfGfuwps0ljdfmDmxiv61iDco6N8czSvevfzwHfxs5K3r9OMu9p4BvY5/cY9r5tq9fx+roPsM9sNN+coaxcHHiuayh5q3MNlRBkI2lqKBJxPAZew1+BDx1lyNiuEMMp9VhR7N27jmfpMrYBt2k8M8IDWrOGGwXIvQN4mvA4xSmkQzYG6WHgHiY4aSC73ceEK7nAfeFDMbmbuSURG+fmY+t/H8HuhJG9PbPjF9Z/y2tPqDZAEld+gzvIM183Fvj9Li4fTl3AsHGcI2enr3n0yb8kn6nQy8eMcJ/NCmt8tvE5zbFGOFmnA+BlyjOkQ6dj7EvmLDvSllxd7kWDc284zl/R38VH2Maa33ky6amsPonYXEfIEMSVpCFIxPGkRgeZv2p3jgPCfJoyeDXkBRY58qcB+vpSqD+oibH6Cuuf66Nen6EYrziEkVqwo4vLDeULigLPjR3n+gyWaalnnbN3VzhD9cZ0TVOUk52IY3VDwks1svO+qVCWHllG5DNY/0rGJyK/z61gKspwpVtYH48LX7zXCmucknWKGS68J8Je40U24R2pSIucbo+u853P/XYJ+4I5WP+dJcMehCn9iOKD+jDwvNk6r++B57vNWZxN07WEd2F7IXVvweOGcocmwg7jbtDtm1KuHIjF8dijyznKy3KkXNe5Ibhi+VbYntf7uHtx72A3g2zy4oxxhz340hHFHkXsyXdYU64yMhcpPrCDwPPq3s5mnc94fneRTbeGDpOO1/r6fAoPY6fIbwG/YNgx+hzbI3Q1RNd1vAx8H3t/snQWeADbuGKKb9HzlK/nPiH3vtyxmPqe3Su0b6xpTRlNUl0PEezM3kuE97ouY++by7Bm8V/KhEkpPrQk4JyY8sP+Svz/iXVeI36/OyfHAN/B9qBC/Tgh42+fb+I6/VdIQ9jUcR9+hHtEGQb7rG4E6LPqSJfQ/dJCUujLE+xzDfUF3XL89ilqrHaClGYGK8ZdCeTb+9o6f9XQo0nKptDrKlWM/3PloQbZBOSRzLCBs3XXkdLflr9GlOVqmHk9HhS/dWGwflZRZtPUJpJ6jjVeoS/Cvp6J0jFyaCenk/PEuB92Snm28YiwrUPq0qv4hylG/N/nP8mnGxXXl5fRxN82p3qG7T3gyYrraEuEHUr/tkKH/LMy6/NicSzuQJekouyvKDuOD7D3x3dOW2bUR543CeNRRiahXKF9uJZJHLPxIaXi2Cmafcginw6p7ulIw2IcMt7APTHgQ8qoKj8jrrjGRaCMbcn8ZCH388Chi6H59daR1Ojh6sX5fEpdGKwQvXZyev+k8hTFh/dmRV4ZSb2k6PBOxPHzlIdn77GZek2xPaibwEdsvjVXF5gXC5kGW+nl8NPgdgL73qZS/yoi4A8O2ZkRv6fm/DbMCAuN+JzqIE9D+X61JanRaeE5b479DkA+b91ayKZE2G2jb2Lr7gLd9mjnkEsp6tYBZoZmgTvWSr7VQ9+ac2xcTl3XXAarLivKN5QX1q6wM3d/xjrHr2JDDuYU3/IyZCBPjL9X1fdM0xw78xnSq/pmjSxD+X61Rb7U/iP+X7Vs6xQ2Uv6Y/oI0lR1nSbFCxS3l5ZcaHOHu4WRkYQz5xl83k5cIWUnu2MPi2CPAZ47yQ9LTjrLnVM8AHtTo3hZDsyG2CZDXt8FyDfX67H0qe8wZypWpbjhWh+xVudaAfQ34Df51VLFH9ilH3ryBkJHL2y55ydINrI/oRez+5L58X2JjqPpEGgKZUkceUyPTNMy/jZ4J5eU6U9nuWNkxUsqVvi2ywoZuaJZPPieoHN59Jo7/bYuy2qYhIqOrZj/zgbNGHDM1ciORP+pA1xmbXns2ISPjw7p4MSonjDnhPZsm3CVkSh9GXaoKq3Dlz7MMkP8+1vH/JtZA+3p5oboOEYgqy13gNuoyrwmQ77uXbTEU743seV/tuDxlz5FLcj7qUPY2jX9JdQMzjnNSkWcZUI6rjB821NUVItAX+Sn/ulCPsxT1PBsgO5+/b/9byLNQFCe/pFh5ft+h7CX1jf42m7WAcYBMlw8naViuL0AwCdA3S196ZPSNCcwzlR6Wi1SU12TpjXLCSalu/G2Q3X+5RGSbLZQTysbjYZGnbni38MiOa86Tqe4T8GNhaGawZA+rb6QbYjlAmcqeIB25SYeyEyFbzhJV+al8uGY0ZaxU6siTT5FHtmy4+fRpQ1ljYph2DwuKy2TigcpU9oCU/gzW3UK2XCu22EJmhPvrHvnZJt9ulyHDD98uA59gt10J7a2NiWH6BgvsM4sGLE/ZA+Qyli59WLLH8jndNHbXJ6RW2OU/vuHgPwmLkZKTEFn6EPcWvqN+k82DYTcMlqI05k2qh1dtqYod2mZICNZwNAlDuE24g9wV5rHCfvZphnuZkdnyOvpCxjuFRJSrwVJ2AtkAu56xkdvW5NMLIq9h8zWYqEZuXCFXpl811Dn1yPkC+LXj96mt8jdoD0vZU1KKlTXtWL5viJWl67h3BQ35FHndMpUsPeET4CGiWQ9ODZaiDERKvwbrUcIb/jaGIMIaxZvYNYQp3cx8zgnfHzzaQn6fGNRgKXvKkmJlXXYsPxHy3yHMCKzYfp2ZLDPZUs4M+1HOKh1f3lJ2nxjUYCl7inS6V23ctw2JkH8J23Na4jYAx7T7vBSU/WZtZMFmX3Cpa9/byGxL06U5oAZL2RFSyo2wSxIhP8kdm2ONV0y3H3eUEwmmI7mw+fTWlHcZeIDi9T8QcI4aLGUnkM7lbUMNfDwh5C86lu9iQX8GaxeIad7DVIOlTJ6I8jAn7riMF4T81zqW70LOTJ60nS3l8qWQyQs1WMrkMZQNlum4jETITzuW70L6cMwAZU4JNVjKXhJRNljb7KBQReIoo28iUV4yQJlT4iGK1/9QwDlqsJSdQO5C8DE20ryr2a+EssEaYmZtaL/ZlFCnu7K3+CLRb2O/VdjWuLi2gzEtZYawzJXX5OvN+0BMc79kjB2uTy1qX1FKVC1DOaJdjytxyBwiJGAhyowGKHMqyCVLaoSUvWJO2Nq5t7DG6zRhHzsFd8DlEMSizPMDlTsFpME6SdeunBBm2Bispl+3WQF/x35jzvUml5vpvdHnReSQe3GdpH3DpcGKR9VGUXrkDuAK23/26gj7FWdwbzl8ZaDrgKIfa4ob7fVF/puAS6a5fEhROiXCDue2NVzXcG8bc2q4SygNR08aZmwFFGUMDPAk9pNgbT44mg6rdmGLGPXjKMoJZsZmIfD3sJ+8qjJW2efKFUVRJoHB3QM7RocniqJMkBl2VuoV7DKfGHX6KoqiKIqiKIqiKIqiKIqiKIqiKEp7/gc+aYlDMLUsJwAAAABJRU5ErkJggg=='),
(7, 'Thom', 'Yorke', 'thomyorke@fake-email.net', '$2a$10$9Ba.Ix9bUfGzZliSqiyXyuEkVsCesnoTJ85Qb.s05l.TTRxK/..nm', 'data:image/png;base64,iVBORw0KGgoAAAANSUhEUgAAASwAAABLCAYAAADK+7ojAAAIdElEQVR4nO2dT4/kRhmHn4/gj+BPEPUHINq6s9LOLcfpA0Qilx0JjohpTuS2o1zIBcaXALcMBwTkkLEUJIJAyoogksOK6QWUrIJgBhEpS0BaDm+bbper3bbbf7t/j/QexuOuem2Xf37rrXIZhBBCCCGEEEIIIYQQYtw44CFwCVyv/u6qnjHihnZACLGdGSZQ18CLgN10UOfjVdkfdFD2PozVLyGOmhgTqRvCIrVpVy3X7bzy5y2X3xRH3i83pDNCHDu7IqnMUuACWABnQNSyHxHrSCaL4Nquowln5M+DEKInYuABcI51b8oE6g5IgJMe/Zt7Pix6rHsbCRIsITojxrotp8AjLHLaJU5DipTPnefTbEBfXvJ8+fOAvghxEGRdureAp1QTJj8XdcawwrDJBXn//sVwXcNfeb78ZyA/hJgsDuvSXQO3VBemx6zzUHPGI1A+jqLvyQB+RAE/1CUUooQIE5ZTbP7TLoF6ht3cC0yUHONIXNflS4rH1rfAngR8aHtkVIhJMgPuYV27c+CXwHvsFqjHWMR0guWuDoWE4aOskA9nPfsgRCVci2X5YvQ29RLhm7Zk+KR4H8SEjz/u0YfPA/VPMVoVB06dWc2ZGJ2TF6Nr4O/UF6RQ9JQlxI/tZkkonpNFT3XfD9R90VPdQlTGkW+kbrU9Ar6CidMlzaKjsqgp5bjFKURMcYrDX3qqO/XqvUPXRIwQR76h/pZ6I3HbIqWEtSCdrOqJezieqePPMu+jWxiq837HdQpRixgbifs57YjTmOY1TZ2P6a9bGFO8pkmH9YkjJssnVSECvgH8hmK3o4rdYUPcY5/TdAjE9Jf8fofidVZXULRCjL0X94j86gJZstxhAnZKPineNP/0PvA11JUbgivy12LeQR0xNpM9lMMUojKOtehcU01wnlTYp4p9hkVRccfHKMpx5K9LF+tSLbw6NElU1GZzuZEhbNH5EYqqLMlfm7jl8v221nb54sBxNBOZ71Nd6L4E/oE9TRfATwNliXHgj9693mLZM69sRVeiNv6CbktsfkyKicuC8mkCrkGdflfySYMyRDdEwD/pJiE+J3/d9QqOaIzrsa5n5BvuJz3WLXbzOt0IS+KV61oqV4hO8buS+ujAuPCj7lvayTV9Qv66ayqDmAQSrPEzJ3+Nrvcsz89f/W7P8oTojZR8401r/t61647Ygv9geW2PsvwVTpVwF5Mhpblg6dt1/RGTT8B/QfNunP+mQ7y/e0L0Q0ozwXLe71zrngkfPwE/b1CGv6rosuLvXIO6hGgd/xWQpOLvHHpK901EPjpKG5SRkL9uVUYdFUmL0bCg2Ux3f1KjRpn6ISF/3usQe7/d9aCJKb4W5mrWKUSrvEazZG5C8xtHNGdB89nv/ie80pJ9Tyiui/a4trdCtIy/NG7Vhdv8xv9yJ94Jn9CXbc6xVTrKlvxxgd+5Lfv6H1PNkvxPgd9jL8h/xHpp7HNsFRFF2aJzHM1Cfv+DBb/owDcRpmw9s1ts+SFfPFJvv49Lyv+wpPxd9iG2pNE5+TX/P1r9L9v+EBNZiZyohaOZYPk3zV0HvokwoQ9GhITrdLV/aAlkV1J+U7Fqan/DRPZYF4WMMAHPuuB6r7MERzPBSig2vGNtcEPgqLZy7B8D25IdZacVyu3KbrEILK59RqZHhB1r6BsK8XBujRtHM8EKPbX1ZOiXCJuLdQX8m2qCcMfum8Gf6pLZMyx3+VfgD5iwNVluu6pdVvB1ijgsoiw79ngg30aPo5lg+e+jvUCveAxJhL1ys0tAqnyQNpTYfwH8esv+8eo3C+AnKz+uMEFLVtuvsHcWU+pHcB8w/ekUMdbt+5TdDxQ9+EtwNBMsKN4ct1v2exlbKPCaYvh7gyVjf4yFx6eoa9mUCIt8tt0Mb9QoZ7mljDavzQwTsqpJ/lvspo/3rDcGXiH/7YPMToGvYgMCZfb11b4Ptvz/lVV5l1Rb4jwTKg1C7MDRXLASiid+vvH/Gc0/gHFLXsiyi5+NNl1ubH+ARA7C1yOzuk/t+ZZy3m3H1QIxFpktt9Tr22bbuIcJ2flq2yPyIvRd4HtYm7mpWH5ftkQRVS38rl2dGz/UdfgCaxy7+uhd2VPgPdZCdq/OyZgwoZxidkO4hmWGclll0yHawq3q9qfOHIp9jk0Dcu2cruMiJn8y45q/Txnmote1P2Fzgk6pJ8oRJnrfxIT4vMSyJ/nDjW2hJ35mbUWFMeFj3vfdv4jiirRtritfhfuUR45TsbvVcVTJIYodbJ7YupTlO3xbYmH/wrMsUZvWKKsNu8G6mJfkheRtrOvTtDtb1dpaPTQUCaW0kw+JVuU/oX+x8v1Y0E77WAI/BL6DRTm+3d+yfdNexbrNc/JtOcHacmYOjfi1zj6CBeXJ3jvsQta5eWLsSfQD7CZJWDeAlPVo03JLnVMyV+O8hAi9RnPoX2+eAd/G2lW6YVfYw+/N1f+y0cqL1TaHxOMgeI419Od7lnOCicsSa0AX9HPjzLDGOAd+BPyMaXRVq8yJ2sVbgXKVxBUHzb4R1piJMTF7g3rfb/TtHdY5CLdhJ5hQngHfwiLCM4rd3UXA9s1hRRRHvZ5z2NGVEP+fT7VtHtWhEWMikwLvk+9eLrGRsHcxUTlhvAIQGqXVh3DFwXPIEdYhs6AoWJqPJg4eCdY0CY0OCnHwqMFPj4j1YElm6ZAOCdEXEqxpEWHvZvrR1WJAn4ToDQnWNIiwSa6hUcz/ojlG4kiQYE2DlO3TLt4czi0h+kWCNQ22iZXWIRNHhQRrGiwJ563GOk9MiE7IJo7qQxLjZobN1L+jv9eehBgdM9p5VUQIIYQQQgghhBBCCCGEEEIIIYQQQgghhBBCCCGEEEIIIYQQQgghhBBCCCGEEEIIIcQR8j+JT8sJhPiwggAAAABJRU5ErkJggg=='),
(8, 'Jimi', 'Hendrix', 'jimihendrix@fake-email.net', '$2a$10$8lzfIwPLC1OgAK08jsjrAekgr3uIy.iZ8Bmhl9iYFa8aE.A6hR.4K', 'data:image/png;base64,iVBORw0KGgoAAAANSUhEUgAAASwAAABLCAYAAADK+7ojAAAKr0lEQVR4nO2dzaocxxWAv0foN3A/gbgvYFQPEJB2WXihXgRDvJECXkSbqHfRzsKBKIuQzCaOIQGJhPwgCNMhBl+CiC+RcQRRcie2QQInXCUxiRQbJouaZqZPV/9Od1f1zPnggDRzpvr0rZrTp6pOnQFFURRFUSoxvg1QFEVpwxmwBj7wbYiiKEodBuuscjE+jVEURanDUHRYJ16tURRFqcGgEZaiKDPBoA5LUVphfBugqMNSlDbozlQYGPo5rLZ6ijJ7DPpUDwVD977Qh41yVBjUYYWCoVtfdNVXlNlj0EEfCob9HJamQSgHz02Kg/6mX3OOmhsU++JGg75BHzbKkfGY4qB/7Necoyal2Bdpg75BHZZyZKwdovghRR2WotTynOKgP/drzlFzl2Jf3G3QN6jDUo4MGV2d+TXnqPmIbn2RCP2rYxo3Eq8B3wWWwC0g9mqNEjzSYb3n15yj5iHFvnjYoJ/SbQoZGm/jXpL4IRB5tEsJmJcUB8unfs05ajKKfZE16HedQoaGy1ntLk0Yb5YpwfIpxYHyxK85R01GN4f1hHn3XZ3DyuUtb9YpQZJRHCAXXq05bjK6OayuU8jQaOOw1sA9dIqobEgpD5DYoz3HTEaxH+436J9R1J/becKMov3foHxPu+tailLaaZrrbtMhcIdiP9xp0M+EfjaibWMg7zfBRlKnuJ2WjkuFmPLASD3ac8wcu8O6vfPegvK4/NvE9ilsp2AXhHNYVSaPZl6tOV7epNgPbzboZ8y73xYU7V+I9+9TdlrJZNYpQH0H+WLFvBdvD4WrdJsCZczbYaXUR/Yx8KXQuUAX4CclxAEmn2SZV2uOF3VYZb4ldDTKmpgQUwjkWkLm1ZrxML4NaKDOYZmNXAGuAdeBXwn9dxxtRsAl4HKDnGx0ZfRS9fkT4NXNv69jd/HO6bYGKsddVTmdue+Gzhq5XhQCGYfvsOZQSliuYf1d/H9O0oa2DkvWCVsD72OnjLkoIyGfFiHMx2VNrJVXa4bHULw/49OYDRE2Svkq2wjlE/w7miHkecu/QSo+l9b8rZqueYE9RO3z+xRhI85bHNBB7ozwvjwfUrTpQ7/mDE7E9kExRTWKfOBeYTt472ErEpzj36GMJSts1NR29/u2+Pz3anTTDnbcann9IYiwkfHSYccFB+C0Uoo39a5XaywZRZsyn8aMiBm4rROsY/o68CeGj5DOsQ4gqbDdCP0qR3GJ7RpYlTStYe3qJht5A/jK5rU+kY10WL+u0Y2w0/m2f7tlT5vaEmOj4iY7khFtmIRLFG/o1K85wPE4rKGoOj4ytDTtEsZCP+5wD3kUeBl/+YBykyFr0I8or3vVyRfYaeKQ9xdhI7iLljaEkmu5F/+i/0Abg/co2qM1saoxDOeQngMPsFv3J5SPSSUNtsR0H0cR8BPsl1lGc9dafH5IjLCh7a55jHV2KTZKO6X8nXLJP7H3udzI7zb///POa8vNa482/36L7ZT+/RbXWGOnxhkHdJRI5j01HcEYG1liRmtiVbO7HtZVVti+v4H7yZsI/aTBlhOh3+Zp7soe35UpKyO4FtPjPdrKHO1NJU+w/dXX/qCR27Tnfs0p7RIe2qL7GJiNXMUWznsKPMN+ae5jH0Ip1etPLhLGdViu9ACXZC3tHQKZ5mP2bC+l3T0OJRkHMu2rI2L4jtqHjHInKNOT0M1hGaHf9MWRY65OpprOZOK6Tb/F2IZXgB9RPnI2tKMyA9g6GxYU/wBNtY/GJBO2hJKBf2x0PZpjhL6p0Y0pf+n+gN3pc01xl73uoDtyipoO3L7ZtHkX+At29vB8I2dYp/YE+x3IZbXRy9g6+f9gl0oSjiCicmEIx0nI7eW1R1uOmdcp9sHrDfpyDahu7clQ7uPfAH8EPqd8yLipvaGQu34hpPkoFazwE4ZLXPkt+3KCXcCVTvnbhJHdHyIJ3aaETQ7LsM0Vu065j5vka3vdTTveFdfU9dOAkU8XX9NC+WMG++4SNi3uhlQLLCS6TgkR+rsMlSv2FJvucJlh+yzBPtD+K653PuA1lIGRX+wpjo1IYsqDdLFHe993tOcSHZhlhnJYhnZ90Fc+w+YntXFgeYJqXl2iTS6TEiiGcuQxNQvKAybp2ZZxtFUnfa9zqAzlsPbJFesq9yjmHkXAN7GOSabLtBVdMggUV+LclMhjQmvcJ+0j4DvYQXiB3UG67tBzJSUusI5MrlWs0Rrdkj4O68VG94XjPYONgsxGbrDNGatzGP9reL8q6lr2+JxL4hb3rXjCZz7WTykPllTonAD/cOitsYv1u09D+f5j0ZbrHFgy0L0cAkOuYbUlZnvMJWHrLE6wu8e/oFv+1hCiEVbALCg7gSmIKJc6+ZLiYIloPuSZOy1XtJiKa8a4a3THg97ZfDF0f3itNrrnYxm1IcJWZngAfEx/Z/SihY4SMIZyh5kJrps4rvsDodP2ZPxT7GCWr7uyll01uhdD3dTMMYTrsHaJsA+jpsjrObZsc8r2XuS5VSl68H4GPGP6KGtFebDEQsc1IB84XlsDf3W8ZiqunTl0f7z/Lc2ePoeZ8z7ysWETATexC/wP2VYpuEN11Ny0GRBCuSWlgYTm6dSQvOq4nswBk+spa7ZnDF32SllRvRZhKj5zgc28/jfFMiC5nLMt+1H32gdsy4bk5UGu1NgTCobuEZZPh9WHjPpxc7vyk0pQrGiOeIbCFSUZoePa8Ut23v+94/1d+VmDDYuGz48ln2ErRV4jvLWzmO79v6s/B1Lq+0cTimeCodx5y5Gu9Uhc53PxfuywZU0xQnHZuyuvNNgQMe5p+rbyAlvaeEmxsNsnlAu7LRn3+FSfKeHcHJahui9W3qxSeuFa5H5j4GvEjmvI37NzRWByyuhqJ5cuBQlTpt8231dMh/vrgulxnVzXlT8XKlXrWL4LWSodcdXJesmway+G8kDZjRpc6QmuL4+MBnYl7mhTjJ1u3sHuEj1jWwZk9+m7or4USMa2eN4Z2/IhQzustOP9tcVQ/zd3kevOZQ0LbH+/pBxdhb7GqDhIKH9B7g3YfupoP254v+pQtuvLvBjQ1qGIsZHqKfARhxlhzclhgT1lcYp9AN1FndWscSXmmYHazhxt58SUE0U/pnowyR+veFSjGxIRNqq8jXVgeSSWF3Z7hM0XktFcRnhrWHPbJVQOEEPZqZwP1PZD0e5uKRm5trCg2QG9jT2Cc7OFrlJPl4J8OXmfTXVCQlGcZIyzKFnVpqHsrJTpcUW+dWQb3WwkexSlFTHlBfgv2C93KKbssNLNe7slSXzU5VIsXR2W9pkSDCnDLmq/5mjPCB35f2Va8tIuL1vqx9hxEo9jjqJ0w3W63fRs67eOtnTdKSy6RliKEhSu+uhL+jkauaU/p2TDY0EdljJ7XJngP+/YhishVGa4K/5Rh6XMHlflhDXdqnW62hgzp0jphzos5SBwnTNs+3NZEfYwr/x8PIahyl6ow1IOgojqao2/xB51cBHj/nGA1ajWKn1Rh6UcDHUHjvNs5yXbwnbygGnf6aQyDXKdUVFmj2vXsKtoGdpwuYHNWnfVw1eUWZLQv4bUAs29UhRlYiJsGWL5s1l1kvowVFEUJSfGOqKMYkLoGbY0zDvY6YVGVYqiKIqiKIqiKIqiKIqiKIqiKIrShv8DBjUKejolxZAAAAAASUVORK5CYII='),
(9, 'Chan', 'Marshall', 'catpower@fake-email.net', '$2a$10$FszEbXKer.a3IuQmerpDcOSSlK7af7876B.JnkgF4CRPPmpUCqOFO', 'data:image/png;base64,iVBORw0KGgoAAAANSUhEUgAAASwAAABLCAYAAADK+7ojAAAKNklEQVR4nO2dQYvkxhXHfx+hv0HqE4T+ADHW2QQyx0AO1mEvycUT8CGHEMu5xLedkGAHgjN9SZyDYRZ8iDHB02CDHfuwQ3bjGGyYtpOQJV4zY3uDk7DQOVRru7q61C2pSyp17/8Hxc62pKqnUtVTvVevSjBscuAjYL5IZ8BRSoEeIwxwClyxrP8u0xVwDtwEngbGnd+hEJEYA7epbty3sR1KdMMR/SmqbUrsHaziNF3esBBtOaJ+g34+kYyHzDHtFcxskS6AaSBd7JD3HDv6EmIwjGn+Zj8DRimEPTAM8BardXsNFMATQIZ9PmaRdq3z8SLPY+AEq9DqPO98x3KFiEboDTwDnsV2kCJwvDQRpbTak7P+orgmjR9pjFVit4AvWX/W0wQyCbFGznrjvGBdEX0TuBc496wvQQ+IEdY/5NflLYbzAjBIYYkBcp/1N3xVpxkRHo0VnUt5OIwIT2wUCWUK4fs0J0mlEYLw6Op4yzVVSivvSsgDokpZ5QllquINVmVUWItIjq94HtS8zmBHYn7HU6OuZgRcsh/KygAPWcr496TSCEF4dPWDBtdngevnwC9iCnkgGMKzsLlzTta3UBvwQyxeSCuOENYn4c8KNiUnrLRuM+yI6ayncgzwMtvDBMqR7u2e5NqEPxK8RsGjYgD4Jl3eMp+ccIccqonYh3KomgWsGlkNqc5OWJVnklQaIbAdyu9Eu0yn3wD+E8hzaCZixqpsWQdljAn7qubYOvLLHGFHt25oQypy1mU2CeURArCdaldz0MdQHTWdR8g/Br6izjvIf9NazKcqrps451xFlqkuGet+tpNEsgixwlOsNsw3IuYdWhN3xXDe1K5cReS8/VAA1w+0yaeXeef3bRYa4AtPhknPMghRSc5q4/xJ5PxfZ73TDmUZT1edMmRmz7Gjzjr37foU+zYLP2ZV5iFF3Aux5liNPaOXEe68f45cThtcxRDT8R7a7SK0xKmKW961fSmMiVduzNG2EFGYstpIu8DvgGU6Je3b+1NPnici5Vt4+X5Ks/v0TeltKw5i4D+jOz2UKURj3FHGRUdlVC3hKX1az3RU7jb8nQhejZTvxMlz03pMg93Z8xS7cNwsfvcnQi4jyRVixOqOsuXEi8xAMUh8H0tXjKh2RM+xSz5+g+3AffEh3SiGmZPnxPl9jFXOZ4Sj3d1z/di4LkZZI+Ar1pWV6aAsIaLQ5UxZCIP1m82oVl7nPcgB6z6bObvHY2Vefj8H/kB4vaWfXKXky/Zf4o56QmEXHyNlJQaMoX+F5ZIDHxDuvH1M54ec47vMyhng+8DngXxD6QKrmI5Zn+wIyTbZQTaXkLJ6AHwjUv5CdILvK8kTyFC1f/mkp/JngbJNg+vHwHNsDhKdA//Cjixz6o3iRsD/vDxixLAZ1n1Wm/xsQgwGQ1xzqA1Tqjt5H2SBcm9sueYI+C2b976/xo7WQqOnuvwukO8uu7oese6zSrUNsxCNyUivsDb5dr7dkwz+DKa/DMVgJwOqnOWuiVcQrx5NRTlN88+wfsEYeQmRjIzVxtu3WeCbpH6KFWawDd9fVH5z8Rk2m3qumddV3U0C5TYJcq2Kgfsa+FZMQYXomoz+TTCXnM0Kq889oTbJ4Y+idjHzmjIiPAotalxb9ULQchuxl2SkVVj+l3f+xnrn6hKDNfW2+aNKJWU6lqeKtovIfWU3I/0eW0K0JiOdwgq9/f8Y+C2LXGYZuHkZKMtNH9KtqdeUkGk3qXFdxtL5L8Rek5FOYU1Y74A3Ar/t0tEybMjBOdu/Zv2J9/+h7f8UWt50xXAUqhCdk5FGYYW2X7leHGvjqykx1JvNc02kguXn391j0+a31Tlj+lmyI8QgyUijsHLWlcdkcczvkMWWvDLgJttNPFdJnRD2/8yc8y6b3VJvZKzez+dJpRGiRzLSKCx/D645S2ewb/YUznWGVR/Uw0A+oZFb6cMxDeR62PbmeuBZuvHzZdgR6pNoTaEYIL7juy9/yJR1xVKWfdf7/TW2x0P56QKrfLKGcn2XbhRBF7iKPUb4h7/TaJn+iV3K8yLWH/ikk8YMu442YYDvAL8G3sL6OS8X/54D72K3/bnppeeAV5y//XS64ViZngd+hm3X7u+hfF8BXlr8XcrwJ+wzP3PkPecxmAE2rDZO01O5971yv3SOTaivmFwz7xbW1DQ7yjZz8i12zKtL/GDXXRrrL2le524awjcU65JTHfV/CCmLVVFDxHd+m57K9RXWZyxn876m/sOZAT+OLJsbPtD3fupNmRJHaVRtrnhIHSWn2Sh9X1MRp7qGS4pG94DdHsqM7naW8IM0hxw2EGuUNWW359HVTrUxGAF/Jb0i6StlUWptwPR9sxntH0YZcd4lvl9v6H6BGUtZz1vmEQpKPccqsntY/9ZLLBd2l2noPqwx28Nb7mODhAsv/R74FdYX6qby2EngmgLr0qg6VqafAi9g27Jfpn9tKUfhyPAeti/cwj6jMg29rUahb4U1Av5BfSX1Hv0vi5k55U96LLcNOav1ZSLkMWc4n2JryxHVymrGsFYxiAakGE5mXrnuQuJpIplc3PCGywTlN2XGUt62EfohP9Y77F+nzrBf/AkpqgfYkBCxxwxdYeU9yeTim4VD3+CuYClr2+U6VTs7nMYRsTUG+BFWeb7P6jS+G2bwMpud6hfsn/IVAYagsLKKYykbmRtxP/TlL/6uDHnLfKq2qz6l3XM4wiqUF4G/YBXK5eLfc2x81x1sPNEZq7FHbxJvVk/b6RwQKRSWu5A3NMNkFrKkbGQT9sePBatm7C7hGK8R7vRX1P8EW0H9pVJdpnvA95pXgRgy7ps567nsvstrghsy8EliWergx9S1NWNHVO9SOsdGvlcpAcMwFNU1VmlqVHWATEmnsIaO2wn2gYI4o8IR21ccnLPeXmIEoFalz7CTC1MnzRbpLsuVDkP3N4odmbJsFI9FHEcD3A6YpRWlFq4vK8ZeWQXbPwB7xtLnVHXOF9jlVzNWFc4dlsrG/f3uIr8C2yY1UhKPmLJsWHlSSYbHhGXdDN3xXlKwu1noYrD3/m+2j4Lc9BAb8GgiyCDEIwr2r1P2RcGyboqkktRnhH2OeQd5H1Hf7JNpJjohZ/86ZV+40/zTtKIMimOqTcVr9sN8FntKhhRWFRnLutmnLVT6Ise2mTex5nOOTEDRMe50eNtlHYdKxrJuZkklEUI8otzupa8vLe8TJ1hzMEsrhhCi5F2swno7tSBCCLGNclnH5Y75GJb7fSt2RgjRCQXtI7ozwp/ZkpNaCNEJBc3iZwxWSX1FeGp7n6LDhRB7hrvQ9yOqzTmD3WqkTuDg9YZ8hBCiNSPsei9XaZlF+iF2j6I6exNdY2fUChTpLITokFdpv5L+dbRwWgjRIyPgA+orKe05JIRIyojt36grFZVJIaAQQviMWf9WWo78UkIIIYQQQgghhBBCCCGEEEIIIYQQQgghhBBCCCGEEEIIIYQQQgghhBgC/wfhQr8OIKAU8QAAAABJRU5ErkJggg=='),
(10, 'Regina', 'Spektor', 'reginaspektor@fake-email.net', '$2a$10$j04XGyJXl/M99cwHxhvYaOLT0hugatd.ZaTxK4bKP04QC/P1XPlQa', 'data:image/png;base64,iVBORw0KGgoAAAANSUhEUgAAASwAAABLCAYAAADK+7ojAAALU0lEQVR4nO2dT4scxxXAfx+hv4H7E4T5ADGqcyLwHEMunpMhvkQBH3IIbGMC2ZuWJFg5iMzkECNIQEsgRAqJd0L2IAjJLjiSDRaM7NhZ5e+uJUex4wTlUN10d3VVT/dMdVf37PvBA2m2u+p1ddWrqlevqkEQBEEQBEEQBEEQBEEQBEEQBEEQBEEQBEEQBIMI+DLwTeAl4AowAWJAAS8De8AcOCrIypAz4D3gjfT6KwWZpGkJgiC0ZgrcBs6B5z3KSR8PJwwPFVoBYZTEaKPRp5EyRXX8jMLAOEV6K6E9U+ApYY3VaedPKQwKRX1vpdD+g9vAXbSv4YTc7/BrtC8i80cU03of7a8Qdo8ZbgOSoOtNZNwTp7/P0msWwLIgjwx5DDwEbhTSzER8WJcURbnCZc7ROf78EedooyfsBorqO/4UeCWgTsIlQVGueL+lO8fpEdVeVxgfD6mOquKQCo0QFVqBsaLo1+ew6OOhhM5QlN/nY6QTaov4jLdgn+bG5gHal1CUW8APCv9XqewDbzvSmXT6REKXHFB+l8ug2owPRbn8pkG1GSEfUW+kDtFO0k170WuWNBfbKCwEZYk0uG2I0AsKWfnJKKsF2dDUlGdoQ+VrJPR3I/1jT+kK/bOk/C5VSGVGitmJz4JqMxIUdmP1UQd5mdOIVQd5CP2wRAzWtkTABdIeWhFhH2F1EYi3MPJYdpCH0A9m5/NaWHVGy4JyOSYhlUmJKe/VHCSm0Vp6Tj+mGiZx6DkPoT9Mg7UfVp3RMqVcjp+xuZ9YoY3MS+h4xyN0eNJT9OhtjtsAvQj8CrhPdfDyHHgnTWsP+HqaT1CO6da/9BbVQph5zkPojwRxuvsgotou3twgHZcf2ibXjXuTFveachf4DvlorLfQlluGIrc8pm32Il1NOYX+WCA+LF88purbbdPwFe0NzTy9d7HBvU3kDPgFHdaLxMgw8ZTuBPsDxZ7SF8KwRN6nLxZsN/tw+aHXSV8b1m/TwcgrMTJJPKSpsG/v+YaHtIWwLCm/0z7I9rfuGopqG3H5d2O0D2kP7aPK2tc58JP070Xj8CLaHfOxJQ+b/Bf4KdXA8EPgZ+Sb09sarRM8G63EyCDZIq0IPU+2Kb5NusJwuEc/I6ysLhU7vhN0o92lrUDF8AazE4jRBmplucYUly/RDFS1ySntynQCfIX81I0EbdjMKW4mq5bp15Lgx7Bcxb1p+pDdqmSXmW9RfrfXOsrnN7gb2OfoY5PjjvLuE3PV9TnaGMwtv9dJ3Xuomzou8ds2lSOvxFcGiYeEbYWeyQIxVrtETIe9pyOPOpkzbsPl8vW2kUc0ewcz9Aj5j+g2O/P1EAY2A+mtY0uMhNssUyvcw9ULJHxhVzmkajR8YltdrpNzxl3XbNNCW3s6RQ8AppQ/6jHEAUFE7u9c0uGUUDW4R1E9XbQod3wqKAyOmA6H/NgNVt0oPhMzzmgMTKj3UR0ioSMlEpobLEX9Bwcerblf2B1mVN//VU9pK0vaE+AF4MfUj0i+60mHrolxL1A9R0/d4kC6DRqzN4sLf5ugC/WI9aeQHiCjqsuGOeo5w18dMOvXrPC3CN3RugzXkKPvp+gwhM9xj6jiUMqNAdPpl1U400/hkiUyqrrM3KFcH3w5V83698ByTQT8HHu9VJ708EGMDseom/pdMGxDOyiKBQfuL6IU5ZhhVYohEqGDZV2j1PP093l6zXXyLyVnMthd8ykR2pi4Rumb8hrVOmcrixuW6zID8FUPemxDFkv2H9zt6GMkRrE1ZmWrC/c/IKyhyqap76Eb/M2AutRxAHxCs1FqE1mhN5zeYHhTBtOtsPCQpm1zsO10TvODGKY8RdeXvg3/Omf6h+iTLsSNsgFmL2YW7k3CN5Ip7pXJ1wPqZWOT/V2bGLCX+3qgBiwp6+fDAZ9Qfe7EuKYuwNSUOd3X4xh30OcT8rAEYQuKhWo7gz3ktCRCb6Ksq4j/M/6/Qhu3e+Qfeb2d/nY3/f8V1vdus/Se36F7adVA3ybL7z7lL+mz7ZFPI/dSuZvqnj37UfrvecNnaYPZ0f2b7UcPtgDEc+OaF9CjlTZldkZeRm+gR2lvk5dRJr8n/1Dw9cI9mXwPfcTKdXS5/qkmTwn18UhxtUVRLez7hCnsiPVD/m3kHF3RTIMc4R7NzWv0jS3Xr8g/5KEol6MqyCtUN54u2HzTaZNnj2ueZRNMB/xtD2naRvy2EUrfHUUbmXkoB6HAkrLBsk1pOjkqYg19VsIT8p50tebaA4e+5sZg1877TYiAL6IN2aMNn9EU5VG/TEcz1GDuId03jTTvOa6bAh8Y1/4NP2W1iUiIQkcsyQv5Gu6tESf09wKUQ4ehiG30YE5NYg/lYCOLQ/rXFvpfdKSfsuQ12zJNc8P1c9ydZ4Suwwm6Hkdp/k22v/iQJ0jQZ+csyAs8SX/7JfYXco6ev3dJxPpA1Uw+RBtcm7xF+SOvM/RO+H2qTuK6hv1Xx9+yssimlObf4+2LopYsbCLB/vzH6NHyYeG3RSqqQ71sftBtnPDKkt4mjusJegHpmHyqfYyuQ+9SLb8/oKe5C8plmMkd8vo1Q8J8eiMhrwiL9LeI+mNUV3R3NpE5JT1GHy72CfBn/K20xGlart43IX++dSt/c6rn41/m1aAF5bLYxglv82MlW2sojJYZeUVYFn5fZ7SyUYZPw6WM9E89pVtHlOa7n8qU6ugoQvfC60Zj0qhyTAO+zVeOzbJebqucMF6KPdiZ5e+2Ib4p/wC+5kGX4lJ2H8aqLQnN/SEu5/xlIaIaPHvEZp2bGCyhRLEy2Ihp9qWNFX7m8j7S6IrM6b1umrgIo96giKmWyybnfIvBEkoUG19doGiMHjmsG2UcMWyj4wsz9kimhFVsPqi2MVpisIQSxd3xTXbcZ8vHz1hvuGL/6g4GhfvZl8G0Gh4Tqp1c3OJ+W/kKl5iEzacyM9YHM87Zza0JCWKwmvI6m/v4zAWPD7xrJ4yKYrDoaoP7sxFX3VRxhT42ZJdYID6spvyQzQ3Wq8a9+961E0aFeZxHvEU66wzXCbsTo1S3fSgJp9agmGHfmxm3SEMZ9+5K/RG2YEk7P9Y6ZtSfXHqCPrBuzCS4n+9L4dQKSoQ++uY+7rJpG7JiOu6VJ12FEVOMt1p4TDdO0/4n9sq7Yrxf9E1wN8o4mFb9EaM7nT3yk1XrfJnP0f7OuGU+CjFYgoEirxDvd5iHK37pHF3px2S4EtyNcldR6LCEM9YbJ5tfb5P3O/SAYiEQxcrVJRPqp4vXGccIJcGuv8+jZYbABL3S23RTelGeUd6XuQ3KQxrCDlEc/age8ptQv9K2x7BHXOZSfSazgDr5RFH/Lco6WbI75SAMlCV+He9Nyba72FYXVwy3Z71KVd8Lhm1km6CAd2hmmC7Ij1w5QBupuFdthUtLcZk+CaTDDHsg6pzhGQJFVc8xb3qOcH9EoeifO0CfLTa09yFcMhKG44eZUj1oLwmoj41vU23QcUiFtiCifvq3QOKfhIFRDG3Y5vwin0zJfWtDazBmqMa7YdXZmC/gdqgfM14jLOw4iryifhZWlcGTUG3cPwqp0Ia4zjs7Zbi+Q0EAJECvKQp7I381oE5tuYb7C0ELxD8ljIRdXJ73Sd1HMlQ4tVpRd/jgmBcNhEtIsTJL5a2ywN3YVTCtmqNwx03FoZQShE0pRqCvAusyNGLql/zHQEw1TGFoixmC0JiE8TXCvkhwG6sH4dRqzRTdMSWIr0oYOcWNprOwqgyOh7gN1s2AegmCIFT4FLuxeoL4fwRBGBiu0VXoXQGCIAgVXAar7tNogiAIQXCFAwiCIAwOW8ClCqmQIAiCixllY/X9oNoIgiCsQZGfByUIgiAIgiAIgjAw/g9/iCJ6bO7cRwAAAABJRU5ErkJggg=='),
(11, 'Eddie', 'Vedder', 'eddievedder@fake-email.net', '$2a$10$Z96WkLO2c4RaoB9EuGuEZ.6iARfg.rq9.jEguEnDm15YR0FwzBHv.', 'data:image/png;base64,iVBORw0KGgoAAAANSUhEUgAAASwAAABLCAYAAADK+7ojAAAKrElEQVR4nO2dz4/kRhXHP3+C/wPqL0D9BxBRf0Ak5saBQ3zIhVPmwIEIwfqWFRdGiPv4wI8DSDtSQAEEmZY2EiEoySgJSaSsNJ2AyEIibWezCmSz0nCotlwul93t7rLLdr+PVNrdWY/9XK76+tWrV2UQBEEQBEEQBEEQBEEQBEEQBEEYGQnwzU25tSk/Ae4Al8DrwIfAA+CmoTwAdE/29XVeQRBGhsYI0TPAcxgh+gNwF7imXYS6lrwH+682534TI6zHwinmZXEHUHFNEYRwKKqe0eWmhBKhNfAp8C9g6Skr67hF4HvTji3HIlop9fsWhFGywAjQtyhF6BbmTWsP0f7C/t7Rp8CrwBmQbcoJRiBCi84hJJQelj30HJONoVngf2aCEBTd4dgiZvQcpVd0TTivaIXxfnKqYjRV78QnWidRLeqHBONNuc/zKqZRwvyw4ywuCvguRpTuEi5m9A5GkM4w8Q7NfGMdPk/rBiP2c+JF/EPyOXuUwsBoqg2s8JruEDagvcIIVMp8hamNJtGaS1wrxf/cdTyThLmgMbNut4CXCCdK7jAg53gFyofCeBxuXd1h2qKl8L/csngmCXPB95YP4T1dYBqoZtqdr29O8NfheUyjDmRJ/X4eIu1AOBDNfoL0EfAJZdwpw3Q8iU3sx8vMR7SaZgV1RJuEmeDGUdbA/6iLk0bEqE+a4lk3mCH0lLigfg8XUS0SZoe2/u7rNEL/LCiTVu0ytTwtX/uZkv3CxHCDwNdxzTkqFviD8NdMI/6jEO9KGBhfZxGGY8pBeE3V5q+YhtAKE8aXjiAMS4pftMaeDZ8x7fibMEHcTrKMak03NOVWMpebMtX4SY4/njVmjyWnmtoyNp4H3gN+HNsQIRxTEywF/Aj/mrWpx1By6vdzFtOgLawo7cyjWlLnear1+Pu45gihcDtIFtWaZhaYuM625UJpJPtC4UsT0Aeec4HZPaPY1DCEF6oZd97VPar2/TeuOUIo3HygLKo1dRaYTuZ24ntUM+sXzGMJUEJdtLrOGmrgB5ghsk/g8wB2vm2db4xxz3eYXkxQ2AG3c4zloSYYj8ptdCum70Xtgvtc8pZjNeU2P7ssWD/0GWvnfPrA8/XBGf0ItRCZ21Qf6tNxzQHMdjNux1txHEJlk+Mf7irMrhqXNIvSI8wmhxnVzQ1VALu+DnzMeL0raJ55FSbO04znbampd8I14xumDklGWRdfAv+mWaSWGLFXPdqjqL5M7vR4rUNoWuOYRrRJCIAi/pAwwQSE3cZ1wTziUvuggGcxAv4Yf+dbYYY+ekC7Mo8dMUiAnwMfAL/GH+O7T93Wj4cyUOiPWG8gRXOcaiyxtCE5wdTHNe0xqC+Ab0SycUX9WcXgVepC5IqWL451w3Rz9YQN9nq2bIDrNc38rTFDmmNBYTZS9NWFHYc6BZ6iKhYxdir1LSPSA9tQ8MRji1snynOMBN9ngJ3a0GfipaY5UHzGcQz/EsyMni/xdUn7Lq3uYumhP5+VU39msXiIvx2dO8f58to+H87MwVlgXoLnlB+H0TEN6gP7oS57OH9Ks1AdQ5xKY2b13sQkMNrDqRzjuezqLbnB5CGD3rZYrom7bOh3+NvTDfBXStt0wzFzGBYWX6+6Rfs3GJaR7OuNjH6CqCc0L6FZMUPltzjBTCS48ai3MfV9SGdPnXO6XkUfuNfMBrhmG5r2OJ/tWfiSSP80qLWH8TXKr58X4vQh7fc/6yGwG5tQB5wrwVRsk1CtmefUssJ4Ub541BJTxyrg9VLnGmnAc/twh1aq5+vtwpLtnfUcM0Hh/vwJ41lYrjBtpxjGhfha1RrzzE4Zz30GI6F6s7rj7y8wFf5bTHygqQIz5lV5inKo595v0Vj6JHOu2dfMakK1E+U9Xacrmt0671eYr4W7P//Z4BZXSYF/cLg43VB+COaUeQx3t7KivPldOlqxGPma9oosZv7mIlQKv0itKeNRQ5JbNvS1vfIp1XsdU4fIOayjq4C2KKpfRP8VJixwa1OeAb4NvMBhX0pfYsTpNibxey59qxM5ZYW0zf4saF8SYiv+XFIUEsxuB+5wL5ZIueSUNl0TvgGvrPPvshRHU3bct6zffT2gbQvg+5vzNyXW7lJ+2XKN4rm/APwd85K63vx5F+Mdvcdh4uMrV5SilGG2yjlaYWoipawwX2pD02JkX7nNPCq3yMC3h0NjESkXO8Z0GfC8muqz3Xbf7u4fbrlHudniXUzC5wdU6/gSIwR/xrS5wkN5CfgbYQXiC8f+72D2znorwLl3Lf8Efso44oKTwZ4uf9/5v4TdZiVy5lHpJ9S9qQvGP6u5pLT3PNA5E0oR2uZdaQ7vvKHLQ/wf+rDLDzHeYEgh3KUcW6J0cOzKLEhonvErKn0OSZ9FQqf9pl8xrfibLS43hJ051Htcf40JeMcUrBcxbdOXQNpnWVH98PDZxobfMJ8Xe3SWlBWuaBerucz6Fd6UOwum45l0ELZoHBqEX1AGi7ugN3+6O4H0UR5jhlRL6usc36XaPjXtCafbSnGdJfDK5t+rzb/PqG4oKQxATvlwTvDnuTzBBCqn/FB83tRnzCf2tsB0phv2D8K7GfX7LMP5hO0i8Jiy09vlDeBljFdS/OweJlyR0b6Njm75PzD18f4Wu+5j+sPRpAlMkYyqS+s+xIxpd+im2NTYAughsNcdXtL9ublDqAcdf/97+IXgmvEIQEp9WVrKtNv4UeFmvNvDv7E0sq4o/AHVM6Y77NuVlFK0zjv8nutdFcLeBV+i5iNEDISAKPxipeKZtDdFYqubknDGcXWajPL+d52Ryjn8heV78Y1h+21hZtgN7IrpdW5Nfdi34rhd/ZxqbLINdxnODfvNNr7inOP+HucQhK0sKRuZimpJN06oZ+BfMc/4VFfcmUPVcqy7DKfrUNC+5h8pY2ht1xSEvcnZ/W08BjR1oVoy//hUV+wgfNvGf26muurdMkE4gJTuMY8YaESoupJS1pUvCK+o1mc+kF2CsDeacTdYRT1GtUSEaldymmNTGdV6nerMsHBEKMoG+0ZcUyoo6guRr5jnZoB905QJb6+522VXBkEYBf/BNNqPYhuyIaOenpBGtGfqKKrxrIR6sH0K8UtBAKozhTFTAU6oC9WY42pTQlPW6yXVYLt4V8KkOCNuHGNBNaBeJHwKYUnxJ3im8UwShO5kxJkpTDFDlC+t6+fI1Hqf5NRz1wRhUqRU19wNcb1rqh3nNWSWaiiKBcCfI7OtwgTRVFMG+iLFv8tjxvEuo4lBQhm33DezXRCiYa/WX/dwfo1/Y8AV8oaPRYJ5UYhXK0wSW0hCofB/aLQYeopXJQjCXthJhDrA+U7xf9F2jeT8CIJwIKE+ZqBo/o7hFTIDKAhCAJZUg+D7kOL3qoaafRQE4Uiw97ruKi4JzbEqWVYjCEJwMvZLbXCX07hDQJmFEgQhOPZi2LYN3wravKoiY11mAQVB6AVNKTZPthzb5lXJgmVBEHpHURUe1XDMOc1elQwBBUEYDFt8XOFJafaqZBZQEITBsQVIb36WAL+gWahWiFclCEIEXMHaFlg/RQLrgiBEIKEuRr4Fy0Xag3hVgiBEpcmTKsojJAlUEISR4H5uXPasEgRhtDwFfIYM/wRBmAgJJuB+imyuJwhHy/8B7UyUMnrgy20AAAAASUVORK5CYII='),
(12, 'Elliott', 'Smith', 'elliottsmith@fake-email.net', '$2a$10$RKBdaEsqj9BQlSOB9H0ndeq5YcDfZN3eI3WZFWz2G7/IXQwB5Ok7W', 'data:image/png;base64,iVBORw0KGgoAAAANSUhEUgAAASwAAABLCAYAAADK+7ojAAAQfklEQVR4nO2dzbLcxBXHf4+gN7CewHVfwIUeIFW5y1SyQFmGDV7iKqqYHd7hyiJkFWYDm1Cx+QoUVXCV2Ck+Qri3bApDYnIH7GACNvcaA/EHZrLoEaNpne6WNNJIM/f8q85iNH26j1qt06dPnz6C1SMCdoCphw6A7R5kUygUip8QA/v4lVWRnuhFSoVCceQRATeprqxy2p/xKhQKxcowxq2UPgCuAbcc/++sXlzFwLAFPDSjuF9RFJuOLWRFNLbKxUDmKJuuQlDFoJAAfwT+R3k8fATsAo9hxpdC0RrOUB5we57ymVD+AF0aHhVsYZRRHdfBDkbBKRRLI6M8wELKR+J5qTMJFUOByxqvSn8FTqxcasVG4QKLg+qzCjyugZt2I6JiAIiAuyynsHI6i/q6FA3xBYuD6ZuKfNJS8gAdiJuK15CVzxcYF8IpYAQ8Bxw6yuoEp1gaH7A4iCYV+Vwz7rn2RVT0jBhZ4ZzE7T6IkSc1m+LOpFZsJOwBlNXgTQX+KboztGkYUX7G71bkjSm7HYr0YruiKjYd9gA6U5M/E+pQK2uzcI7lLaMYOd7vQUsyKo4AIsoD6HTNOhKhjml7Ih4JRMBF4DbwD4YXIiJZSE3xoVBXsqR864IIeBVzQuQNhvec1wL24PmwQR1tzMBHGZ+w2HcfVeCJMMptilF2XQ7+z2hPYT0n1JUsKd+qkfd93QnG9hdXXVYrCrjBYif+q0EdEfC9VY9mdKgO+wW+U4HnisXzSWfSwXdWW983rCemfK/rOLl9RP0JJqF834cdybfRkGa8uEE9dmzWuB3xNh6/oNz/NwI8scDT1TJcirkbN6zLftGn+E9VDBU/Ut8Pl1G+92sdybfROEm5I0cN68oKdey3INtRwJhy/78W4NkWeLpSWCOhnZM164iBZ4R61tUSv0O9vpd8xVPq+4sVyDPoHZr5ROwXKWlHxI3GPyn3/+MBnpHA05XCkhzusad8Uvj/OOY4jiTrulpXAD9Qr+9PCeWnaPhPY0hO82cb1BNhBuE6D8ZV4x7lvj8e4HlF4Kl6QqEu7JMQ9zxl93ArJ5vuA8c6kjlHwjztzWPA5VnbB8x9SF9iVgM7MzoPXMX4cl3XJIXl45We8RR4tLM733DEyB0aN6wvaUOoI4ImltJ1gWfSkXz2MRuXYkwEmXyUdiRvjjrKs09axyXxIPA85c4826tEm4+Ycp9X2SGUBn5XFtbEaidzlCta1z46pPsJLakgx1Bo1EkPHAFEyIdWd9EANx8SzJLj58DvgM8x/baDUfiP4vZVJDRTPNLAv9tQ/hAmVjtZoHwyoxHG/5Vnqj3H6g47V1WeQyC1sJaA67Dqf4A/YdbjNzEBc59iXsqnWC6OJmXxSz1XgT/TvX+jDdR5Ke4CL2MU2EMzfmmHdlqhXVcbXSAT2gn52IaCpECnmIdV5BPzLeArjFLOZnQBE25wxXFNCs2YBnjtMIjprJ66u60KC8vMTG9TzxKLMBaI7wWPl7yfLpGw/OwqOW+nGCfwLiaC/SZzp3B+zVVfsVxOTyx5n2OhnV2G/Wx8SJbkl+IWQ5OFlEZadwhbQsx8F6UuheKHckSYnZRQfTsO/i3Mi7iDUXoPs/oXaJ2WHekS9+nLMvoM6+UuyJ/X7hJ12CdDQgpLisH6cYn2FQVsAU9itpybvBiTiu1IYRQuigt8EWZZKpU7pJ+lZILptwR4BPeSoU8aL3mPb3rqvs56KK2ERbmThvVICst3MuERobweyVkCEcavUvfDAhJVOcyZOHgnyBZLWpCziox3GYa5HWHu9TTGp/Et/SmstIV78VmT67Cb3FaMoHT/X3jKSwru1SXaP9I4Q3Vr6hImk8Pnjv8/pNpMKzn2r8x4peXHaMZXxyobaqrmGONofQG37HeYK+9LwNfMncL5NemZ3bPK5TRqUfbMI3faUjtdI1mSX7r3C46yriNUujNYEyOq+6nGuF/+mPrLgUxoo1iH/d9zuANbfTTkJILv45a7ymD+t8BXN/FiUySUo9+nHJ2zo9IzGznKuhz067CEHgSqLqsmwO/pxkoJJYOzcwZ9hbz9v4fZXt9y1DnFH//UFxLc/f5DxToeCLxpy3L64IrZG8JSvGtIIQqJo6x0JKdpap4jhwhzbsq3FBnTvbkqzc5F2HmepsDTwrXE4pOU2h+E9tvYKWqKGL9l+3yFOlIHb9y2sAFIS/tTK5Zh1XBlXZDg2l11LR8VFlxBoYesbjkB5WRw31r/nxZkvCpcs83qCBMlXixz3yqXWP8nrdxRNVSxbkPypA6+PmbtRJBj0w+8p5Tv2XXCwBUUnM3+j7sTc/0RI3feiNWupyU5MqvMWChz2/ptK7kcLwm8aeH/rrNJRMgDMcIsbX3KKgvUHXt4uzpHGIK983m1JzlWBWkZ/JWj7EgoO2Xx4PoDTMiI+rQsSDtsr/cgh7RrMrLKZEKZqi/3iQr1Q/uWVcRirNIuJpg1/6+K3zC0FN/x8Fb5WncX2IT87FWRUq/vfZ82s0nP6xYgrbsn9NNB0nLPflGvWf9LX1nJPG3UtVzagCtY1JUHSSrnQ4zsaA9ZnF0jFWQZ9SRLHUSYo2QHVP+Ah2vHz9X3VZ99TmmjO2kXEfPMsGfpSYlKVk3ahyDIDvXYKiPNYPY1n+PSNtuztoQv4CRzxXpJkK8uhRyxaYC/r8jpWJDllY7a2sIcGvdlv6gK+5lV+YCHSwFJfR87yvpolX5kCQkmNKUoUy+hQZJVE/chCGWHu537SdpZeZryYPFFFr9nlZ20Jr2Rz36odemWcC0LtDsO1Lnfyt01gy2L79nkOMXcp/cm/vFoL7eL9/xwSzJPA+V95ymlvk895V00angvyyLCZFyRZOplE0U6UtEHpIduz8bSzkpKeffPZ1HY99tWnqhtmh8KLypPqR9CFlYWqLfP3Tnb8f5loPyYsvy+kwmShV2ky9RburiUj89qSzztS30vJcPM6T7yOO/jgxQJ8gSaUy9Wn21x9PVpIekh2fmAxkKZiHISOWlWyyEl/F8WEX6fhJQ+5L/Mv9V4jsV7rWMxQlhhXVru9pZCJsjjguuoiuvlSDzli7RTQ94mx2VST9tS30uuj5xuOe6ryrcN24QrzCmn0Yrl+Qm2IFlPclTZUbKDSj+eXbetJp9FkQjtFGfPYxhH6y1M5ocqs/OOUGeRfi1c81lNdSxGqbwdbf11hXvoChnle3dhIpTNSQrkTT3lbbInPxcSB3/i4fHt+El978pzNmVu8deVoS1E+PPQ7dHziQVboL6ce6EId4T/355dt52kPovit4F27NPz7wTkjoX6ipQ6ZPft/NWdRGyLzFZYkwB/lwgdtcqRCuVCfJI1tId8+LuqgzhxtJ04yscBmScCj698vsKRvnx0QLfKIsKfh+4vDCC8oumDbRv2GUE7h5AUfpGv6+1QB2lZu41sCRWtsTpHK3K4IpanLJrNUhoRCZIPJfRMQjuRWYC/S+TL3pzuO8pVybbxM4tHel6Z4/qkgqwxJu++1PaTyC9raOmUCTxVyrt8ad855GgDmaPNQ4YRVgHU/4hAVwg96EQok87+m1jXJxbvSOC16wD3IPHBVfd7VjnJ0pAGnnSfIYdr6GUfB/i7hB1G4oq6DymrKbK1a9efT0ATgd/1op9g7gYIyfAmJnTil1TbEc6E9ny5z8aFci5l+JbjPpbB2NFW70tAGxPqz0RdIPSgJR9X3pGZh9f+r0i2IzNxlPPBNaiOWeUkOaoqrP2ADPbGiU19HjrOBHkk2Mri7wLflPLSzP4/t8wlJX4b45fMldyyu7pVSJpsJp7yI6usazJqKwmBKyxkyjwP3aBg71h80JMcdmcVndIR5fOCxSMPrmDQsVBvTmPKDyN1lHV9BeY4csLC20LZTCgnIUZOUeL6+pBrGVuki462VoFMkCcWytkW6HHM8TCbd8fis/1V+QaFb6m+Ssr9rEXYmyRFsjcHIkzgql1u2WwiMcZSvOuQY48BKivwWyerhN1hxa38VPh/7OG94OCZYmas2CHDOw6e25iXPg9s3Se8HLAftlTGBd+u03kWTfSqL+ZZzLcRV40qqX+gvLQG9xL9CvNnaP9XVM7Ssa2qtAc8jnygWaLcz2Mv964L9+oLgZGWX5FDjsuYj62cZx5om1uNh5jxeguj5Hdm5a5TDtCW7mVQy8AiMoahsOwHXXS6Tyh36onC//YAcH25RJrtcviilZvQM1b9LktAQkz4RbmIOx31xx6++8CzmIH+xEzOtpYXEiTrQHoZEqtMPLvu8889K1yzN1GqOPNz+hEzWdjyhT4ecqEgr+S6sK0mVz2+GMiQc78tmgj3PyhkDENh2XIczK5LFoQdZ2XvEkqBmj4TN6Kdj2zYdJlqloCEtGGbh7hnZB91obRiyhORK2tqYpVLCnXUuZdMqDtlUXHlk8cEMy4yzDiLA/cTYfppNKNU4HFNfG/M/jsu/HcHEzJwLNB23Wdaly4w0GVgERPKGrYPZJYcB5jOkxyjaYBXItes0Zay8n2sI2QJuJBQ/9uGed9sUW+Atx3OsoX87FxZUyPcuci2qP4xlKoBol2i7jPLKtab0PwTez6asEYfvrDjn/pyumeUO/JvwjXpRZd4izRytBnhTpw3xgz+4uDLB0tREZzDKIkkIEPTQQpm+Vsl64PksB1XlKfNgOEIt58ktNxIHNePEc4hNRRHcV33Qh0lexx/PxzO6BYmBu4byhPXHUxg6oiBL/8k2LPBuCc5qvoaEosvxiy9fINYQozbsmo68Lfp1hKIMc/HHoA7+AdehPHD7FHebe3iRc+ENtoaW9uO+t9nGMoqxzbVcl5lDeuPMe/CNtWVzpD6pxGkLfFRT7JsC7LYdBPjKH4Sc4Qg9PHRB7My+5iX+qkZ7y7yi9vGy3uM8JKgDQWR0Pxs2VaBP15SDhuuXcu2l5wxZswkDDf/+XHgNdwBqUOxCNcGCeVOtI8/rBJ11/5t0w3aG0DbjvsZmiXQJlx+qyoJ8DYZMXPHf4ZZfie9SbPGSCgPrvOYzI2rfqki4Df4U/12SV3NdjHDtwTaQISxgO1+zXctFYqlERN+ka+yGHh2FbMcK1677rh2gFmO7WK28a8zX57tAC8DnyJ/qbgJNd1BydCXahnEuP2Ba7P7pFgPSJ++GhLdwGy7Sj6nO5gdkxHzFyNlbnpfwETMS1kpf8BssSfNu06B8Vm5zuSN+xNLsamoGw28SnqXRcsnZu4sbmIR5c7mtdvKHSBC8WufoVarokOM6D6StipN0KXEkLGF/yxlhiorxYqQYMz805jDo/a5tG8wCiVjcdl1Rbh2yPz4w6XZtQnl6PobmDNYI9T6GTpS/JPNGFVWCoWiZ0S4s1lMMUGSahUrFIresY0/2d3rqFWlUChaRoI5KZBULB/j/4LKlGEcNlYoFBuGlEVFM/KUjYEX8Me13UNDQhQKRUfIWFQ4+0KZbUxCv9Au7vPoElChUHSIjEWlkydITDD5ulyHwYt0iDrWFQrFCiAdxL4oXHPRCLWqFArFipBRP4D3EHgRf+pehUKhaB2uPFUuRXWGzc4uoVAoBoxiznSJrmHObv6qLwEVCoWiiAhzbKr4odY9TMiD+qcUCsUgEbH5CQUVCoVCoVAoFAqFQqFQKBQKhaIW/g+3m0ZuOnRKtAAAAABJRU5ErkJggg=='),
(13, 'Leon', 'Bridges', 'leonbridges@fake-email.net', '$2a$10$ylgoEhh3elRwolR7v5nmdebkVjrkaR/hNniPPSay.VVN7QZJxBRgm', 'data:image/png;base64,iVBORw0KGgoAAAANSUhEUgAAASwAAABLCAYAAADK+7ojAAAPiElEQVR4nO2dT48cxRXAfx+hv4H7E1j7AWKl77GEj0gcMtf4wuYWLmFyClIO8SnkhOdiK1KQvJA4IRzsUewDTiA4WAlOgMzaBAwx4LWxDcaLJ4eaYnuq36uu7p5/O/N+0pNh609X1VS9rnpV9RoMwzAMwzAMwzAMwzAMwzAMwzAMwzAMwzA2mmLZBTAMw0jhKjAG3l52QYwoxbILYBjLpsApKy/FMgtjqNhLxTCoKqytpZbGkCiwl4phALDN9GDIl1oaQyL8jQxjYznL9GA43iGvbCYlWn9y4FngHHAJuAU8ZPp3GAMPJuEfYgrLMAD4jOnB8LcGabeBM8BXQR7nsGWLRIZrm1AxNZUL2NLd2FCkAVFHD7ijpC3LK9isy5MDe3RXVmU5jbWvsWEMqQ6EE5H4PSF+TB5hs4EMt7s3S2Xl5W1MaRkbRJ/qINhR4h4V4qZKMafyHwaG1LfPw0m8IXAZ+AT4IiHdGGcDM6VlbARbyIPgmBD3shL3AXATOI++7LnDZg4qf34qlPO4mWweSav9Npsw08qAt4AvJ/+uU92MjgyoDoCXgzg5cFeI1wviZcBfhHhjnJF+kyiYrv8ezWaaJ6i24UvoSnCdlNZ1puv2wXKLY6wSObDPdAe5EcQpqA6Q2I5iT4ivLTXXlYwD5XKV5mfc+sgviAy3ZJSU1qBroVeEsF5PllscY9V4iWonKRvfCyG8X5PnR0H83RmW9zBRtEz3GtU29zOosjJMWc4fNqR6GcZ3SPaSQU34+Zo8bwfxb8+0xOtPqJA+C8I1pXVhgWWcF+GM3xSWUWGX6Q7yNXCkFB52oE8ieRVC/MuzLvCaE25g9IU4OdV2vsvhv2L1NaawjBr6VDvJmVL4vSDsCyWfDBgJeW2a0b0rkv1KQlo69udfvLnyLaawjBpyqlPxOxy8rXeDsJGSzwWqnW2P9dnBWgQF1TYslLjScn047wLOGbNhGUmcodpRTk3CQnvJVSF9IaQPDfhGPT2aDdibDeOvMhnVutguoSGSIR/+vEL1bMy1IO0W8h3DUxhNCZd5X9XED485fDPX0s2XHjbDMhpwCrnDhLIP/BL4OfpduW+wpWAb3mC6HXdr4oceM+7Ns3BzZsD6KqxncLvlD3Cmk3yppVkTMqr2qrZiS8F27NLMiL5ONqwh1fo8XnAZejhvGBcn8izdlUsPeYws0jlAjnNxdIc18/aRA/fppqwGCy7zOhG2ZWyHtSfEH8y3eHNF63eLIAPeV54/Bv6McwLQJl/NJdOoc6nTOCGUYa127jPcncI2ymqtGmLBHKfanoUSN8NdEA7j9+ZdyIBihnlJ/enODPPXaOIG6NmGefdr8ut1LXwNmplnLa/L5TgF9DnxRt8HXsXW5V3Zodq20tQ9wy1Xwrh7iynmd8z6iz7LUlipttumL+XY7GreiiPDLf205661yeafyG9+L2uzHl4y4RGF8EoOuDe2Ngh6iyjkhIJqf+iKNri68mPcbvcd3Mv1Hab7bJuVRJ7w3A8S8nmnS8UUMuAfyvP2WPwsfOGMqB9IRjcKqp2rXwqPdcIxzrXPIgk9UswC6VhNF6P7b6juonq5MomTC2H/w9mrCpxnEil9v+bZ2qztUfD/DzvUTyK2vN1lA7wA51QrPlhiedaVIdV2Lncuabno5SrLm+UWM8wrvALWdoZ1JJJXeaYB8ovibJBfT4gzjDxfij8GXp9R/TQ0U8EY1382YiU0oFr53hLLs44cIz4gnhPCvayTV05pl7CpDesosseHUO7j2i0Xwm4J+YaXsrXzbprd6iHu021NFF8TYl9mWicHj1GkgbRow25IBjyFO7h6bvLvD5daou5IO7LHgR+h+75axw4pebZtOgNJ9Yc/Bt6bpJHC8iDf8PuR2o2CK0p+ocslL7PYVc/RN8aGrEffSGKVvAGcBN4VyuPlBof3h7nGdF0ek/Y5tbKMOLz192h1S+WnkTyki/k+7/PC30ccLMkLITy8ngaya+sxziYm/X0WjgEK9L6yTFNBMgXw/Yl0QbpbuM/iG2Cb9MF7acFlmwXShd+2cli/ovM08DFynVKN7tpS7DHOplUo+YNuc3owSTsSwgZCGYZKPlq9XsStFtr8Zkdxh1m1/FdaWT2Dm31IU2r/2fOLNLtq0BPyekmJm3OgJNs2UgE8XyrnaeQ1f50ctl2Qgmb128ddeJY+cT/mcC0PM/QllJdHifncUNIfn8TZVsI9QyVccig4pjqGXqipR53y+hNOedXV8yni56vGuBP7K9kHCmTtnyJ/JF6poZAmVAYZ7rJu6HTtNOmHSP1nndr+2KGUbQIFzm3OlzjFfYbVOzAXM6iHcp/pdh0o8WIHOcvtHZ5HWiTHcL9JXZ1HNfnkxE+pe7RjBp6Yr/xQ+kG6TxPTpchFqjuvdeaQsqzsbqC2Xm4q0lWDul0rcMprVJP3W8Q/jNDkSkRZXscpJslY7RVS7PTy6UiZFk3onUGSPdxWe9gRY/ff+srzVuEzWkeQPYtKMozkU9cHy2echkJ46LonAz6sKU/o7vvvifVoI+80jN+PtNVSyWlulI1JOIAlY3uvFN5U0YyQz+to03RJngC/YHrQhsbqMW5tfzohv1W58yjdIhgD/8W9LbeJz1ZjMwPpsq4UL6RgerBoRyee42D364ISRypveHiyiYIo5zOqSTssxdfilNkiPuu7F9SxyaThc+qvuLWVlXdX8yr6oH4Zp2nP4mwd2g5FKH5mkmJsb6JoytIP6jFsmP4O08vS0I7zGP3gnJTXssmplmvQIp8M2S3Qa0G8QohTHrQ5+lme14O8ekKcu9Qrrd8p+e8j2+W0D57U2b7G1Cusch+QPBpIcgn9iIIk15BXGVs4hX+d9t5Rdpjtwd25kOEGZlj4beo7yzH07d1Hk/Q9ISz8GrR0heI68vZwKEUpn92E+FIn8/Vskk5qs5M17TVvJMXf1sZWCHmF7a3NCE6StvzwxC71xmauWhkfIZshxrgZT0jqzOYB9X3lKPCHxPxS+9l50sajJyP9ArY3h+SJeS+dgmolmt7lKpCVzllkJRIa28Pwm6WwLdws54kQzz/DIy3pUsTfAxsmxN2blKknhF1Paaw5Ei7luh7KlV5Go1J4XwhvIn4AxgbXQClbbAnnl66f1TzXMxTivIHs3/4WzjPurBRSTLoeJchxRx1ulfLcw82keh3zXhrS2+W5Fvn0hHwkGQbptoQ43+A64zkOZgg5boCE28JlQ6d2stnLDvqsrUDfJSt3IK9stfNOy0Jqx0HHPKXl/JiDWU/bpbxvS/+MJv3Fp9GWUeUdzctKnKIUJxfCH0+e0aV+oZyi2c6hj28EFMiN1Qatg5SlJ6SrS1PeLg8/kjBOzOfNUh5SpxkRP9l8mWoHki6fFvEmqtDHDbJzdDvzNRDKMosjF9Kg9V/qlpRkqhSTPOpmxaEv/7oNmrLnj74S52OcojoG/EcIH5TyuKXkkSp7VPv8CeRZ3eVJmXOMKGHDDVvmkwt5leVr5LfGxZp040kcaTZYXj5qaf0b03NUifcv5e+aHUVayhRa4wiEymDUIG1IuHy53yGvkNCIW/7wbd3vJin1u5O0vYT0Y9xu2u9JN0572poIilIeTWZFobxG/SwpxxRUY8Kdv9sd8or9uNrJdm1XKhRp12dQyiOlA3r6Cc8rDy4JaUaZR+KXyZENzanpy/SEfF5Q4hY0v2oVLsPLtjGpza4ybSTWfhOpr3ykxG8iPaVNUmQo1P8YbqaXkn4P1ydzvTmNrkjGxbbr54GQl5fYkifDKZGryHYTrXPkk/TaCW9tdlRnOymLhmTUTUFb1rQ1kksD/2e4ZeYl3LJGUvaPgd8S/12kZd9wEpYLYW8KeaTs9no5QvUwakw0h3ptZFdoi5xmZxSNBfAi1Yaf9Xb4+w3zOUL9eRKvjLaQO9V+zTNSO7tGqFhTvuEXMxi3afMudqSyPK+UVVKs/Um45LJXsn+mlnFQeu4wIf4u+vEFSTRvn2PcTrH0ktbKsYd8L9BYAJJtqK3hHfQTuKcb5hMz4u9M4tQZYWNo296peYTxhjXPyyNlHdSk1ehySTb2+2ToF4CfRrc7arO1QcLz8yDNNvJs259L8vQT8vbxi0lZhhM5FSmzpmg/QN5BnaXd0IggLY+GHfKSlpheUm//Z+j3sPzOUWxQpSislF1NzR1JIcTdUeJ67xfaM4a0X4L/O6EOTeRd3OxWU0gxG5N27cUziKSNHRDNce0dW7ruRPLu15RLQ+ofw1J40/obMyTVZWsd0mytqdKKLZvGOC8JEO+kdQorI802obkjkbb7z03KpvlikuSTmraIkdLWXu7jBtsANyuLbY6kXiQui/cTlVLmsk3rPLPzeHGSg5flLt2umuTI9cxLcWLKzJgzob3oy5b5xE4th0orF9LntPO4oIk2iCT7i3SJdqSk78+gbF1PMseM2RepVwSzsn/tcfj8htXRp1rPsldQ6SO1g4WWcMMJG7/N9DZDHvTSYU//Jr+Ec0nzE5yikr4+3OQtH/7tPaaVQo7ufUFz7SHRdbAP6KasQN6U+CvwvQZ5bCG3W6rssJ5b+EOqdS1fOpbOePUWWsINRhp8mj0mhnRIcIf0XR9NUk4b7xE/qX6b+K7gm+izJo2UD1uW5QnuRTCr2Yjm6O0u7nbAD2rSZ7iXRZvf5MoM67GK7KL3g1wIe8J6Ku6VRFJYbzRIn6PPWvyypO2JYb9s6kXilJckTZXIGHdGKUO3CWlkxA33w4nsTMqfR/Jqw68jzw7lU9wGxa9wRxi859SmbbXH6nlZnQfhDqA/I6ftSr+6hDJuNOEP8C3xJcsWzh/0K+hG2gtBmow0Q7kXPzvz5DjvDP44wmWql0SbKsayssuVOHWcwM3O+pP/zhPSzIIM3Ud4F3kX5xPct/OQA+d/m4LULrHNoHWeba4k0unicgfdxr2VUw9bxgzKxyfPk76mu4/zl9WlA6QuQa8KzwldBN9ktclwu34jZqOsegst/eoS3gx4yOzP0BkdOIn8Y9wg/apMedaSJzwzw2079ydSzKIiJU7gZgY3cYblexxs7WvPyjg4EX2Nw+XiY4u477CYDLFZQpnQVZH2ou6602t0oKli0t429gMulxw3UzrFgR1Nukt4E+diOPZhj00lZSx8hvX1pdLkIGJZ7uHsVdbxV58t3OzSBlqcIe1NHsYCkU5wl+UB7s18FreM62E/nLF+xA5A72J9fqXYwm3T7jNt4+gtr0iGsVCky81eWZmtb4WxN4mxqZTP2T1G/visYRiGYRiGYRiGYRiGYRiGYRiGYRiGYRiGYRiGYawk/wfQXdLkyY6KggAAAABJRU5ErkJggg=='),
(14, 'Chris', 'Cornell', 'chriscornell@fake-email.net', '$2a$10$0ofkJNDk2lihTo98ESeQAex4jBeMIp1h7UYYFWMLhvA9cxKjNAW22', 'data:image/png;base64,iVBORw0KGgoAAAANSUhEUgAAASwAAABLCAYAAADK+7ojAAAJmElEQVR4nO2dTY8cRxnHfx9hvoH7E1j7BSzXnUjZG5Z8yJyQ4JI9cLTkVg5giYOdCJFISPEciGRBpDUSKA6XbUQkQIJ4pQQMwmIXsBIFEF5ejMEclkNNZ7p6ql9mtrurpvv/k0q2dvrl6arqfz/11BsIIYQQQgghhBBCCCGEEEIIIYQQQgghNiABXlmmq2FNEUKIat4AzkvpKXAbK2RCCBEF+6yLVTm9j4RLBOY68Dvg98BdbMUV0+OYZsHK0zyMiWLKzIBD/BXy7vJ3MQ32WK8D94DM8/c83QxhqJguC+q/og+RtzUVUtyyPy78lgA/o/rDJvzMgFexTsER8GiZXkHN6o3xfVGr0mdIuMZOhlvmqeeYPfzNxofoBSyzj+2sqHuv5KFuwB3czPsHtglwRnUGH6GKOVYymgULrNdQFet6H3kPYON7bZ0BeagtOcXNuDvLv+8B96nO4KfYSinGRUY7wQIrWnV1JH8R93qzNl6u0V6s1IHREl9zsFy5rgN/8xyXp2dIuMZEWYDSFucc0PwyHjKdzpsZ8Bz3+c+weWmAW8BHrOfRU6Yp7q35BuuZ5mPGejDWF78wvVorhiDF73E3cRn4K/V15BOmIVo+ATctj3uO9c6Eh3IM4rTh+D3qu7en9iUdIynbCRbYcl9QXz9OGL8XkeE+87s1xy7w59NdFAN0mLGeSQctz/V5ZmX3d+yVcqyUm4Q/2uIaTfHPc2w3/1hpCrMUaYoDfoodAnEb25uYp58Af8I2LY8K6QQ7+PuolH4JvIcVwkPP73eX143W2fBNv9hEZPZYD9iX2+NjrpRj5V3aewdNJNiX8QX+OvLwIoZGTPk5m0SgjWc6VIq2TFI2aw76aBPbOkFB+V1im6B7G/bxhxNMR9ePBV/LpS2GzaZF9ZWiJMU1MrvAtRLgh9RnQrTKLRwy+hGsHMPqpTyuP3QnMbj5d7bh+bkTUDcOss+02NDewXgN19C3O7jmDPslXeDPcNPiGm2OEf2R0a9g5ZierhuaOW7+XUSU81jgB7jhl7Pl354AH2PLLE+nwOPS3zLgQ+ABthMlLSRTSFHHnW/hZuxbPdxjzmZf0/xYeWPhyBhGsMbKA5R/vZDiZmyfcwRNy2PGHNvYFTLccmjbcywsz3Dz70ZYc8ZDSlwCYXDtido9HTHloLsJas1u4Qu4m5AGjYmUuDLWEJc9UyVF5bAtBglWb6TElbGGuOyZKuXpIiaoNbuFb6qN6IiUuCqmIS57popBTfNtOcXNu9OQxoyNlLgEIkW9KzGQ4JZDEtKYHcI3vWaTeZiigfLUHBPUGngT1543w5ozaeRhtWOGncXxEP8gzCSYZSPEEJdgPca153FYcyZNqHox5L0uygH1Sx+nwSwbKeXF+5Kg1ti1kor2fBLWnEkTQrB2ZdDwDLsaQpVQnWM36hA9EFNvximuPSdBrZk2QwuWCXDPbdijeUOJlIiXaNllyoPcQlOepZ4FtWbaFMthiF2SyhuhxMZl4LtUT0g+xTYRkzDmTYOyYIX+KmRIsGKh+PEYYmrOaeF+IVdw2AOuAq8DX2e1IF6dR/VGEEsniCEuNzxDghULGcMFj1/CLfefAt/D7Xk7odslg2dYYfoa8C2qe/ma0rwje0QLruBm/pWw5vA2rj1dLHcjtiNjOMHy7R5Tl26znXCZ5bnbilMxnSGxGhxDXB7WW7j29LHcjWhHMaaU9nyvbQTjf1gvrCmMcRn4Ds3NurbpX9jxgaHDJ5PEEJdgledhzYNaM21SVuWw6PleFxGQqn38EmwTclvv6WPs7ucpq8Xtko6eV2xJbCPdU1x7tA5TOIp1436P9/Ft5FtMH1C9em1RtHKPZ4bd+aWtOD3DNn/nhK//ooEUt/CSkMaguYQxYViVQzbQfcqp+MGasT70oZj+id32qq0HdYdhhmuIDklxCzI05SahPKxwFIe8ZD3ex+AXldOK4y8B71Sc0xR7uoPmRe40KXEJVrmJqi9gWP6NLYcPe7xHVZOw6WOVVpznEz7Vo5HwFdzCDd3zUR6P81JYcybPL7Dl0Pe8uL/glvuvW55Xt1vyKeq0GR1lgTBBrYmv13LqZKyC2n1yCfgxVmTeYbMP5z52l5pjVttXmU6tE9FQnpozD2qNBCs2MuIJFwgBuN3FoVdHNLiC9SvsKOhD4FXCN1l9zLC9q4bVPLSq1FXAd1a4X0J/+VJscgkRBRmrSnkS1pTaLu68aRKil2eGHTF9FTvG55CLT+94zuqZ6o7774bXfYidsHsT+PLS5m0FLS1cN9nyGkJ0yhy3wl8PaIuh+YW8qGjNgJeBbwM/wL7cR9hR0beXKReloxb27Eo6WT5TLmRfwPX+vlj4/8vYZX/fK5xvtshrITpnBvwd98sfqul1i3Yv3zaitY99YUMLR57+s/y3bgT3OfCi4u9nhXOrjukyaWiAiIZv4lbOULGsz0p2vACe4H+BngNfarhe1xNfiynvlTpgNdcsdIwtwdqRYmN/XQpZOtAzCNFI2cs6xzaRhnwB56y/JDeWv+1R7Ykcsh5f2XQ+WVPKsN7fNcKL0ibkwfkD7Hy88oqum6TFkIYL0UR5lPk58CnDDd78o+f+pvB7nWg9xQ5uvIsVsKZA9jl2FPcx1nPI0x3skjaGcc/Ov4R9vv1CusbqufexH5DXWOXXbwa3UogGfNtsnzPM+CzffU3pmBnw84pjN/GW5uyWpxSSYt4JER1zwohWG8HK2Wd9h526lM/O18TXzclY5WNd/iVcbAiFEFtT5Wk9wnZ3X8XGiG7SnQj4mnum5vim5UZyb6ruGqKZBc0frWI44QSJlgiAL6ZVFT9KOrhf5rl2m/hZgn2R7rGaS3aAvKmumLMqj6re4wy33LQskAhCW9Gad3Avn7dkOriuuBgG13vykSHBEpFggD9TL1hJB/e557mu6eC64uIUy8TnuWalY9KhDBOiiutYLygfy5MtU1cjoFMkWLFSnASden7PkGCJiWFYF6xrIQ0Sn1PshPmD5/dyualJKEZPwnrFv1F3ghiM8rppReasl5s6PMQkKFf8RVBrRJHitJ554e/lKV3Hg1smRCDKW5Z/P6w5ooAvjjVn/SMzH940IcJQFqzfhjVHFEhZlct9bDOxPGezz911hIiO8moCj8KaIwqkrMrlCf4VV5NAtgkRhAXuC/AgqDWiiKH/wcNC7BQLJFixMmO1sao6R4RgfeXTRVBrRJmvojFXQnyOBCt+Emzzbx+tyiAmTnnr8fthzRFCiGqu4ArW5bDmCCFEPXtodVAhoub/ClYxAcSK8rQAAAAASUVORK5CYII='),
(15, 'Courtney', 'Barnett', 'courtneybarnett@fake-email.net', '$2a$10$RTjPXQCHIQyiTbQqy7bRHuMsq0KWbRnUxyJGW3NhAKAwIfMfgsyrC', 'data:image/png;base64,iVBORw0KGgoAAAANSUhEUgAAASwAAABLCAYAAADK+7ojAAAOE0lEQVR4nO2dS48dxRWAv5/Q/8D9C9DdJ5Z7H0vMMgoL9wJFwhschQVIUdy7WMoCLxBGSqLpRSAskDIhIUFIYRphCZNEzEiAEwknvjhIdhhiDzAwNgRuFnVbt7se/br9vHM+6Wg0t6urqqurTlWdOlUNgiAIgiAIgiAIgiAIgiAIQhO8oTMgCE0IgOeBA2CxlD3gIuAPliuhC2bANqv3fAz8GlFewgTwgF1WldcmnwK/A04PlEdhfWbAzyh+17uI0hJGjIcaRRUpK122kUo9FTzgHPAB9d6vIIwOD/iQesoqlXvINHHshMBNmr1fv/fcCkIBRdPAj4HrwCuO61n71qaMtH6Kep4fD52RFrgAfEG5UjoErgCvWq5d7j3XglDADvZKHGvhfOAl4H+O8G/3kttuuUT+mS4Nm53G+JTbIheozijU7p1rYZLusysI1QhxV2TXiMkH9h33BV1mtgdukX+eW8NmpzYe8DrVpnpnHXFc1cJd7TbLglAND7iPWZETyqd3HnaltdtRXvviDvnn2R82O5UIgMeBp4GvcCuob7T/A0d8/9TCHXSWc0GowUuYlXqf6rYoD7NyT32UNTWF5Rrp6jIHHqX8PXnAbS3cjQ7zPzVOA++jyuhX1LPbPoSyjR4s/z5d8/4TzQx7xZ41iCvW4vhtO1kchI/IP8u1YbNTSEA1ZbWDahiR9nukxedya4k7fIYp4WPOSKouNs2AB5hle295zUe9zzOazJa/z7Tfv2cJW/T7GeDhpUySBLPwfr9GfHpPH6yXvbUIMF+wLudQXvsXUT3d86iRhD6lOkJNc7eXYR9DVYqgJP60svkdPqdrWp5VVNkO6Ip2/YoW101HPEGHzzAlLmAvn8uo0ZOtDgSoUVld/8YuZbflcumcAPMhDllveKqP2PbWy2Jjqk6RhpQ9lM/bW6jKUyYfAv9GKZSbqF45lWy8aW/t4oYWPjvVu+zIa1wQ39gJMDuuh1Edz7Oocr2NKtM9VFm/CfyGVWd2cXnPGezmj6nKpLC5MYQtxBtpcQYtxFmHgH5e9pglKigf3T53J3PNtvgSM10byxQ6rqEkaV6s/eNjPsC8pbizU5QhjNVlU6SxyD7KXeIaqvKUyS2UbW2+lMOMZOM9pHiENdfC38xc+8SSz23UyGJqBAz/jsvkruP33eUzeKh3mbVhBRk5q/1f9nsAbC1lUvwcs5DCltMIWo6vSfr6C9YlRI1GItR06AWU75nLzSNehj1PcaXIStc2rLroyjzbqTyHu3HdQy2kPMw0RlxDdVyPklcyqSSWsD5uh+2ozcKYOnPyhXM0aG7Gh62i+0NmqEUSTEWcpUojP0bZf5qsJvdNgKk8tlAK4Qpq5HoH1Sb2UeVxFXiRVWeWir4Y8z5m2bi2MB1p4a4vf/cwHZXTDmIKHUPnBJiF89SQGRoh72CWUTBkhlqkzIO97shkD7XauunYXIB2MDv/BXCqwr1vZK57jnjeZ3M6ysbEmAUjmjzPW5hl9MtBc9QeL5J/rhcd4ULqKa57uLf5bAI2d4YAc5FpAbxc4d5HtDChJUxWHqDKeDcjb6JWjj/AXFWenJ3KxRyzlxDyRJgV5pUhM9QiEfVsJT6qwSUUN6hUNtVzO8be0fvYDwLwM/dGjnt12ra5Bes98vDYhqbhkBkaKRH2EcQmEFFPYWU5jdrKpa9M6rJJxwyBehbd3+0wc922vS3OXE8K7s3iY9q61pGo0dOOiGeopulPOhH2CjAFI3MZEetXag/V0cWYfl2pHKA8vzcB28gnzlz3sCvxYHl9rv3+XkFaHmpKKSMszIK/Uxz8xPIXNrTHoh2FpRNgb9THqBMkptIpBuTz6pH/MEeRMogsYXaX1w603z+qkBef1VT8Kqqt3iWvGFPfvBuYfnuTt2H5mAV6YcgMjRjbMvOCzXD/iOhOCbu29hySL9MPUbauM5Q7pXoo4/LRMp6LtKsAPdTHVLJTvnS7juuU1lcd8cwtYbeQs8UaEWMWpt9RWh7wJ+BzVEXYZjq9rEfxMHvqPVdEt6PGJ4CvKS5DXYr2nNo6jz3aqbs+5fY4Xb7CXZe3LOHfpdz3TbCgv5guVwf1DbYLlOIKO0yzLWyVLitTPjYHuldYUOzB7ZLAEo/r+KMFakvRujbFuGYeFxXStD33e9r/Q2xZmxR9rg4WVbIFaiowZiLKK+1URos2IrpXWCmu85+OqdaAy+rSAjWSb3K+U9lIWpc51RSkh7m1Sx8syJSwhD5XBwNLWrqMedlbP7xvH7PCRcuwM+APKHtHOvUd+0qi7sTYlR3TQ3VORXXgMcpXsuqOgD6l2LlyG3gS+9lU18lP3+6j9pfWNQP8sCSPYz4QchToRr8qqxRNCahWsfYYZ+PW8/kG5tTha+BflrCphC3m5xGUQvwc+DPrK/onyOf1iTXjs3EJcxTlkgeogxMfx26Xqju1XEfa7ESTgnSm+hWm3tALLOowLd+S3reW3xYoO0QfIy2P1aFtF1F733xHWD2PMc2OKsn2yhdYjcT+i+rpqyz32+xpL5U/biHntfjOrxkfqHxeRD2X7mBZVx6gRknpYXpVvqfYhsQtlINeJq60ZHW+ANtcPegwvbrbC3bpTmk9BPwR1QD0dL9B2T+yadtsJunu+6Tmc30N/JXiBnwPpbhszAruXae8Qi2ucI240tFfHwollUPgOyjXAtt7bSL7dFMH5470gg7S2hgCzALrYirm0fzM6ncwK8x54O8op7td6vvfhBXTzi6R61PnBave0MN0AEzlCPsZWlXlc9RxLeeAH1BejkGNcigrl7BBHD5qtbTJsx7jbshV5LVMPlKP+8vknSuz4T8FPmN18GH22n3UdLSrDjN0PMNY7bejwDY0bZsAczRQt/fbZvUiXQ6INzNhUi/kNN09VqOVoGbaOwX3+Jnn9FAVPB1F7rNq8GHNNNeRgOasa3SPKubxEPsxPenpEOdROwo+qxjfAnUi6rqN3WN1LlYfvE3+GS4XBxf0nvDLluM/jb2ynqL614ezSqvMDypdYbSNhhao0UpVg29W/mH5ra69yHaMSFbust5ILJV1iLS4oor3lY2gv2B1KuvWMvw1SzjbETSzZT7SUdIh+dHQPqpspzoy+QnqNNepOx33gt6w5y3Hrzf0LzHtQhFqZaSKAbWKl7TuelBFXkeNgs5SfUpyqkF5nEZNW64t00mWz+9nwgQ18qDLuk6HTUZYPu7Pf81xN0TbxuipKh2hB2wG97DlNGyV+BzmJlJb7+w6hL9t0Rul3+CeLthCGY/ftaR/BHzcQb50n7xnSsIXjawiihWQflTK8Rr5Fk4AIWYla9vgXuQn8xZqSmrzdl6g7Bhlq4qPVAhTJC6bQVGcXa0alTFjdQZ5aMnXt6y/h+6SFmeRT5CHcri0lU+VeqRPCd8oDi6cdBLyFeawgzRCqikOXdK9jB5u5ZEqGx/7J6iycoA6FTTd1R9TbFgNHPHsM/w52hH2vK3rg2WLO3KEcymry1RX5h5qenxn+Vemg4ITH/sQvgvqeiMnmJX3KVbL0jHm1NWj3BeqboM4i1JQd1G2vr4c+jzUsSq/QDmUVnEHOaSdBh9RXid8zFXfI8RoLHSIbbXN7zC9yJKeTa7TvOF5FCvHsbNFc/+lsKU8RFq8kXbd5rB6i+FHncKG8wL5SvdJD2l6qJGSzUVgTjuNzqW02pgudUVAc6fatkc2etntZK75mMoqaTFtQXDyCvmKN8SRFj6qx+7CdvEUqjEfoVwWxmof0Y3cdeQ+zVwritDPC08/SeVhui7ELactCE4S+rFfCW4i3MpojhqJurb77NCNEo6xKyV94SM2bxWE7pgjCmtIXB77MSt7UFwQpitsU0L9t6TD9AXBit5jRoPm5mThY9qC5uTdLGL6V1Zg7nz4j/b/UD5owgknQRTWEJxC7WcsUkIxdmXVx3nxRduaRFkJg5EgCmsI9A9w6Hv/XsWuLOKe8qd/ECE7DRRlJQyGfrSHHHzfLR7q3K5smd8grwRcx+b0eeRIYkk/7jF9QbCi9+QvFwcX1iQmX95H5F0SIoZXVrZDCOc9pi8ITvSVn7hhPBdQp312cUrpphCTL+tD8p7hIXZl9UKPeXSdupD0mAdBcJKwvg1LV3qitExCTGU1K7g+xDTMtt1GFJYwKhLWV1h65W4SxyZj87UKMtdnlusLuv3qtk5IXlnpp7H2teFbEApJEIXVJbZRS1hyve/VON3In55jtYV6l3L6gjAa9OX1ur26jygsFx6mMoq06zZ7UV9+Th7qfHz9/YvbgjBadH+bv9W8/zXMBhe2mL8pc51ie1TMsMpKV5Yy7RNGT0yzEZaHWhXUG5y+8nVSKRu5RphlN6efsvPJn7hwiHy0U5gITTa0XsK9mtSnv9BY0cv0hnb9+wyn6GfkldUYjnoWhMok5BvObUc4D/WVm6Jv+R0g9o+YfJkckS8TH7MMdReHrtAN/GKvEiaHbRvIHmq69yzqAwNVTsGUntr8lp+uiGx2oyP681tLMunKSFiYJC4foKpySPl3504CtnIMtTCxdv0L4Lu95VDZqRJkUUSYOAnNlNVzA+R1jHiYR8VEWhib86jsCBCEhkRUV1QJMv1LsX2XT18RtJ2DHvWXRUHYTGaoxjZn1bC+Wv6foOweMipYYbNJHWNOj22e5IIgCL3h8lI/rYULLWFE6QuC0CsJpiLSPcXDCmEEQRA6JcRURHHm+gzzVFE9jCAIQi/onuy3gSdRvmu2aWLq+iEIgtA7usIqkneRFVVBEAbE9fFT3fVDjOuCIIyCH6E+IX/EylVhB2VUF0UlCIIgCGPn/3pF1oG61ByNAAAAAElFTkSuQmCC'),
(16, 'Wayne', 'Coyne', 'waynecoyne@fake-email.net', '$2a$10$9NNLfwL85rhSZhHlUDIuse9TvaRm/QGvXfxEFvEulQ9ZExa/M4nxi', 'data:image/png;base64,iVBORw0KGgoAAAANSUhEUgAAASwAAABLCAYAAADK+7ojAAAM2ElEQVR4nO2dQa/dxBWAv59w/wH+BdH9A1G8biPx9iziBSs2RGoXrYSEuymRWCSVUFNVKrEqNapU1KQUVMSizwgkUkAQ9VUhFUG5pFRFJW1eSEhTAtwuxu71PZ6xx772ta/f+aSjvNzxjI894zMzZ87YoCiKoiiKoiiKoiiKoiiKoihKr4RDK6AoiuLDVWAJfDC0IoqiKFWEGGOVSzikMh0xxxjfD7K/FUWZCDPWDdbpYdXphHzEuASSYVVRFKVrigYrGVaVjQmYngFWFKVA8QH/CnhsWHU24hzr16NTQjchcBb4G6v7dRPYBw6AP2d/F+Vt4LfA08CJrWusKKw/4EtMw9xVFqyuYzGoJuMkwBipO5Trva3sA+9iDNkF1g3cK8CP0Y5D6RBbIwyGVKglAdOa3nbNabo1VE3lErvZrpSRcZly4zo3qEbtOM36NUSDajMeZhhjMZShkvImZjR2ltVI7GaW9gnwHPA4Zso5Zxor10qH7DGNUZY0vLNh1RkFM8w0rcqAXAFSIM4kway0HmDuaVyQ65ls28g1iREMsuuuq/9jwEfAPeB3HscrI2JBuZEkA+rTFBmekQ6qzXiIsRuABWYEuslDGmJGtTHGwL1P2cBdc5y/jYQVuuSGWU55v8SMLp8W1zoD/iuOvYsarZ3BNco6NqRSDXiSdb33hlVnFMyx1+lVtvtgBtjdDk3kakX5M/x8c3dYuQkixzG76Ao5sqSUK/ClIRVqwAErnb9Ge0qwG4lkQH3mGENxDXjAul6H2b+3gDOYDifEz4f1BvXGqigRbgN6c9OLnAAzzH0/kckpjE/xFPA9jI/xWSGngO8W8rhkToeupgDzsMteaewPf8C6zhcH1WYcPIZ9Gjg1irsamsgXFWlBCz32MA/u2ezfE4z/uZljDNFPMEZon+2tIncW0P0rS+FxV4X3hAwWDQfVZhy8iH1kMRVmGEe864G4C/wduF9xjEuauBOqVmAfYZ6nMcWg7WH39W1b0q4uKLAUfqerwntgxmpJfEm1r+OoYPPp3Gf8Pb4vIX4P3AeYa5bhLnVyvoEuL3uWGbW60m44junAis/J0NLplrnEcoIx9RJFnmE8DWMsxJTr78yQCnXIccrXdgi8Zfl9yWp24Eq3ybUG+jxsUG7U9GI3IMCsjFaNQuvkEDMSSjE+v3OZFH2MYeHvk4XfXNKpDyvHtro01gZ/C/soIuzpfLmv4hVMkOMBq/13FzDOx6FHMrkDu9jwpoKMAXvA6n6nlNttmqUllrRcpN/2bgN9mhqBP2CmkJ8UznWBcthFWwKab736J8YgncY8N0EHemwd2ejfGlYdKxHrOubO9j5eSBjh3why38XjHZ7fl5MWfeIB9OgL2/3OR//HgW9F2u0s7cCRd4nZ0C1/8+VVS95fAu9UnM8ldzCdYVvDFePfRq9i2nTQ8lyjwzbvHxsLyg03FL/9HPg8+7vNXrZNt7Xss91FgNctOgRbPH/fNI3nup7lc6XH2EdmvoSWvJeztKihrrn8B/gB/oZrjp+hOsyud6zunY0I6afh/wIzhfrRhuWErOu2cPxuk9BS3gwznZNzfhkv1FbuYfbQXcr+/QdmW8g+q7ej3sT0sJsgRxJTmg5CcyPwVJbPlrbA1LvNv9UE2+itrb5SLlE9Uq8zVoeY6XDY8Jp2jgC/B70Jr4nyNokqlj1tlP0eUd8I9gvlnMRMCeQU2Ee+wjT6tGV+l+TX0hS5PWnJbm2v8sV3lHW5kEduEbqHedj3MH6kYtrXmA5kH/gQY5AusAqSvAT8BrdDOxX6HsMEYBd1uAV8hn+H+IBVh/Y4Jkhz36J70VCdZnh/6laRN2FTx7tcUXnQspyAcuXkFXMRvwbwHdpN9e7hNihPYHwXVUGJPpK0uiv27VVT3KI0o9qJnhsruXfwj8ANTB29Tn/L/HHD6wnZfOtSUX7d8PyTQfZKb25Ynu3mtplPS6MUF9IeOc4jRW58bSJP1Og3y3RqO+qKmtyMArGlrCn3sHOM0/s25lpTzIPvalMRmy3z+0juM2t7PS9QvUDQV9uZBBHlGxK0LMs2XVnSfJo5Y30Y/I3QqYtGVzdCatIof4hZkZHG/z6r6eTVTBZstqJ3Xpxjav6rtmy6cOIjuUO7qw4ixIwim3R6nQZj7iIB5ZvS1u8UWspa0vwBjUT+10X6+5ZzRNTvOfs2K2sPvyDDMSKvUQ2WMSD7NDM+DzDGIsW0p79gRm4p5h5fz/6NMe2lz1W3WXaOi5h2aYuxO8+0VoI3Qs6ti4F6TYiwN44m2yCgvAQdifRZQeeUlQ8nxD1dTFlVuEtPKWOcakmDdWNYdUbB73HX4X1MByynibcG0dSf/G0KioWQckU/36KcG5ZyljTbBhGIvEVnuw/HgD8V8ufBczmuJWKbv2uMpJQN8VEmwN7mLrO+GPGxSP9sq1oqnSOHoU0jyAPsDWcJvNegnC7DIiRyE3Vxqih/G+sGaznCulx9+OSxBT/b3u8m79tiS/opPWGr+CZD0sSSPxffN0FIZ/uSbuftcYWOUsbq3ExZ1zMZUpkRkLJ+P77APiJfiOOOuqHfeQLKD23imde1Oth0eiWN5hXPfL4UN1FXyVhHV6BTQklK/f0IKNdxvA3llH6RznffkVFEtQHw3Rm/EPkiz3y+fFmj5xIT7zNGZ3uOXCEd44b1bZJSb7AiyvU8xWDbI0dEu2mhjD+SDuxPPcoIRZ6mznYfpH9MStrDObtGXsNrw6ozOJ9SPzpOKdf12OtZ8cA2tfPZqiP3SslVuIVHGX0623Nm2KeFKbvT4yaoD6uIrEubG+GKOOa25RhlR5E9Vt2UI6DcaOSKTFpThs1Q9hmDEmIM1B67F4x3jv4N+64wx883tUDv2WSJKTeCKkLL8anl/1VE4vh7zdU+MqjBWhHi55vyMWrKjhJSruCg4vhIHHtIedtL3ShNjsiSdqofCZre2ykTUm6rthgsNVgTJqBcwWHF8TK6/VVMFHHxtyqnu+18u+JPGgJ1uq+zYP1+PGLdoZ6g7WvyyAqOHMcFlmPPUDZiVfvdbAGripsEHY0WsX2C60KWZvNx6RfDJ8i/Wa9kV1RwTLlBzGnmw5LHagRyNQlqsIoco9wGl5jYP9v+0J8No6bSJwvWK9kVcW57DQb4Gyzb6mC0meqTJ2G6BivEvB646ZRNLkS4ZMw7GJQNiFmvaFvEu224nWRpvo7hyFKGDterSZimwZLtKWqQd0b9u9AO0de1TBbbe8MDcYztvephliZjuRaO80jnvE4H65niKuEe5WDjpGEZAfaI9txYhV0oqoyTgHKly2H6fZF+UEjzcbrbRmhj/fL0mJAjiV2f5kTY30/WdiUvwhi7BabjPMPuBQcrLZBfvykun4eUG1jxNcapSEst5SeWMoKulJ8wcoP6Lo9KbSP5JeN9tY8yYuS0ruh4Tyg3suOF9AX1Bks67Hd9pLAtUvwWNMaOLZylqe9KUf6PbeUlx7U6mCPzxSI9shyjvaofKbtvsCLUWCkdE1FuUHPs08FE5K0zWDaHfdCx/lMlZbcNVki3PitFAexO8aewB4vKxib9X6lIlyO0v/ag/1SRH+A8qD58VLg+AKKja6UTZMO6gt1/JWOnFiK9+FHSwFGu4seurhKG2I1VNJxKytSwOd5l7NRNSz6b/yvI0kJLmoYz+JNSPd0eIy+gPitlCyTYG1pRPrbkq4qCjy1pYS/aT5Ndmk4FuL/IHA2mlTJZYuoNlivSemE5NsA++tItE36ElO/dySEVqsAWva7GSukVV2BflUO9Km9CeWvJsi/lJ0hIdV18Dpxl+A7A9en4h8CTA+qlTJwAe6PzMVhg/5q0zP9lL5pPkxnmfU51ncgS806oYAAdZSR+LguGN6TKEUAanW8oN0QX56l/sG71pPdUcY1ebHIHeHpLes1w+6vOoW/hULaELcizKFUfjAhr8i4xRk3xZ4bfYoiso58CJ3rS6fu4/VXP9HRORbFiW/ErityWU8TnE/ZjXuUaM3PMokiMCQu5QjkMpUr+hQlJeRY4RbPp2gxj/C5Q/TXtqO3FKcomLGhnsKjIl0vYh8JHlBl+K7tV8hHwIcaQ5fIc8DbwLu6RlBorZTREuBvmoiZvVa9/txdtlQC387tvWaDOdWVgqlan6j77nTjyLZnG2zLHzBxz/+teH9yFPMTsNVWUUfAS9oZaF5YQO/It0Qa+TQLM9DvO5DXgPcqrwG1GVBG6CqiMjBB3o63C9aK2JdrIx0KACfSNWRmylHVjdogxTuey4/bQVwIpI2dBc4MVOvKkPemoKIoCuP1RVQSOPFFPOiqKogDu0VIdcqXwWk/6KYqirCHfh7XvkWcGvIGZUr6I+q4URdkSjwHvYJywL6PGR1EURVEURVEUZWT8D4R8OldInj4JAAAAAElFTkSuQmCC'),
(17, 'Fiona', 'Apple', 'fionaapple@fake-email.net', '$2a$10$4zO39vPjB/oPlzC6fe.sQ.rpNILEeBJ8VyguYzZRnFxN71JjW54VO', 'data:image/png;base64,iVBORw0KGgoAAAANSUhEUgAAASwAAABLCAYAAADK+7ojAAAL50lEQVR4nO2dTYscxxmAn58w/yDzC8L+AaO6JhZ4L0GGHDwHE4guXhNdDIHtnKKb9xBiJRf1xSaQDy3BEGOIt7EMkUGJFgyOwSI7ifLhYIJWtmNbssnkUN1MTXVVdVVPz/T09vtAsbu99fF2dfVbb1W9VQ2CEMcbwMIIJ/2KIwiC4Oc9VhXWApj2KZAgCIIPW1ktgINeJRIEQfDgUlhFnwIJgiC42MOtsGRYKAjCzhFSWFd7lEsQBKGGwq+wjvsTSxAEoc5l/ArrrEe5BGGjqL4FEFpxDb/CWvQolyBsjFOWPfJN4BC4BEz6FCrABC2fHZ4qf76Avo8z9H1lvUi5HRRhhbXXm2SCsAEU4Qb/Ov0qrj20Ar3FUgG1CRcVRfi+VV+CCcImmLC0sHzhIdtt+DO0hXTeIFdsON+i7NtGIQpLGCH7QE5YScw2VPYEeA69B64LBVWFU+CIiz0ssifdP0IUljAiJsC/2E6PvY+2pJoUzxytTLOy/Mvlz73yp3JcHwvXWa2re2zueU0YV90KA2GC3trhGx62ndOqLKmbZT4hJVWg98N9s2VZYyEnrLCut8y3Wtg4RFu+Z0aeN9eSWBA2xBFuZfLnhDwUetXulicvMxyjh53TDmQfC3NW6/AG7RXWFP2sbgOPCT8rQdhJfErrZSte1SNXLgX3aG701XAvQ5RUGybU63LfupZH5LNP2vzhRV7EEHYUhZ6PuGSEQ+CnwF/R81hn6Ibsm9P6kHauBqdoJSXzIeuhqFuo9rUikP6A8HylqQgLlvOI0+5uQRCaaXJj6DrM0S/TAdLYu0SxWs8ZdavroSPdjHBHcwq8hl7E2FXnYWEkKLajpCor6vI2bmqk2MP1o/K67ZpSsUd9Ut7sVDJ0h1J1aPccZSr0sP85xEIWtkCMo2hqeIIeMmTo+RDplbeDT2EV1vWr6IUS17MrgOeNPJX1/58F0i6Ad5HnLWwBRd2PKQNeAf6GdkA0e+pz4A7wa+rOiQu2dyTvHnrF8QTp4TNWn0FeXrd9s3wWsHLkeT8irR1OOryna+jh6m8QRSh0hO/QuE0qkCl1J1PX/MyYOKBuLe0Tnp+q4rhQgXRN4Y0O7iez8vwYUVpCR/yEeqN1zXl0wQFuR9OxL69nrNbHF/gVyinNHcqEdhZWFR6jrd9D9DzXNOFe7MUC22oUhLUpqDewWUd5V17xPmth3mFZQ+Vd4hRJnpCnstL+HPiApXV2jB5y/iOy7NvEWUkzT/qH7NbKsulvWCnmK8D3gWescAl4mvoxSFfQbbuK91wZXijDD4AfG2UcGtefNuIeAj8qy67ynm7szi8AU+oN7D9r5rkHvAp85chbFJV+YQ5p3tr0xPg95ajkzMon88S72lC+bXk3KS273E10gm2YEL9TY5fCQ/Tc4i/R89Kmwhz1MDujXlkpE/ATdC9zk/BL+Bjds7sqex/doG4Dj4AH5d+pw5JdJkZRPWLpi1UY14uEcl6x8nzFEWcP/8qha0FmgX4eIUx57bDts+mn6DZ5EpBp6CGmE7mQTICvqWv3UGVUw73XgU+Jr+RXrXwUfr8iU5bZOjfYMxP0fTdZVPdZrfNjVhtnLLbn+znLDdCPGmRYoJ/JB57/zQLlFoE8iwT527KH3m72ICDHRQtZFxU3RF6iXhlHVpzKkjpxxPUpGtf1vTKv1yPziXlZdpEJ+gWKvb+plT6z/h+Lz0KKDQq/r1/IUnonkOfdBPljmQDPouv4LFC2GU7RVv5ldH1P0Pf7LLp97VtBsTzyyAx2/FkZDspwrSznAP0cM+O6nV+VV4Z+544JK39RWCVz3C+RQlsITZbUnNXTGlz5LdAP8klDXq7wmPijaiq5L5Vhm1RDv5R7yx35zKw4scwTy3YpLNAdi+swSB9/D+R5J0F+H4rlUdtNVrkZCoa7pWwKfJul0stZPt9TRjokrFDUH/Z/HdfMcI7es/Y8q5XnyqsKoaX7Bbrh+6wEn6+QYrnp26dYP0Yr3mdSKyYSRdw5YQvgM+tv5cmvKY6LVAVlr1RWloVvG9CH6GHnSRleRs81/iVQRpsPwk6BF0mzUqvwPvBDhqmkhATu0NwY5mhN73NehPCKkS8csdrAXM6tpt9WZcmctSjrjG5O8pyiX9YYGT5D19tT1vWPAvnbiiSGkAyfol/m6ywt4cwhT2p9NrWXFGa0W9E7R9evSixPGBjVBPofCDeI99CmdYwZak4YN4X38PeEbznifwd4mzhLpil8gV6ZvIXuyU/Kvx+Ucp1Y4Y/A74DfE+egeY5WxMq4J/u8qyxQj7HxTOxhXJPDacw2oHVC7O6JfdKGepVyPSZemQsDZQJ8j7jz2D8nvUHENjh7Yt+mSMhrV8Kc8Iczcit+6IU27z8PxPOlianj9634n9NdXVyJkHcf+Hdkfqfoepghw70Lj0JbEam92IL0xmE7jX7pyDPGN6fNS/IlesXqCG2VXEe/lOtsWYkJr9FcTxNWLcPThvi5EbdoiFvxK0uuJoV114p/l/DG+vvAP4n7hFvIn2+PuBXnO4iCGgWVG0LqfMDbjmvrWljfQr/Qc5bH2DTh26DtCnPiVoL2WX8VbR2lbg+/mhx0MyNu7EZxu4xrDfELK34RWU6FMoK9UujzH5sRHtIXZZxRr4KNhW+g535S5njOWT06d279P0uUYZ0XoKJJYf0PeJN28xdX0dbNJ458H6FfvPul7Gb4E3ql8g205XJE/ETvhFWr5AnNL6Q93xWDIu3ZFXTzvMD9/YBpRByzHX53jfKFAdHG/+cU98tmezqnbq1YR9mZ+IZxxwxviJCzeg8xX8NRVhrVIk3qPGERUYYP14kNLwbKsuUUi2oE7BM3eW72YrYLgY29OvfbRJnMtLPEtCaTsuzKb+mUYa4I2ZbSPCGtmS7m3m2lUTTELxLjN2F7yGfldZ9lNUcOchwNru0TvlB5ocf0YhntG7Gy0qqEtBcRe6I9tU7MdE1zXhXm0LNpH6LtgpJqTdvMrPzOqCtssyyxqkaCIqygPmGppFLJaK+wzH1oTatgY8CeBG8aotmYnVIWmaawygyRWXFjy/Axpd4WXfOp6ypGYWCYimHO0j+lC/M6Y/1hgupAjqEzZbUevyTdoihIVya2kgyVaW98fylRPhdN1n7eQRnCQFEbyDNDesMuyFmtxzYrYAXpHcdlq1yVELeLz7oV+JXVHBkGCh3zC1Yb2Vv9ijNI7HmbomU+5mR17LlY9sR7aO5LEa/cYjnAr7C6yF8QVrjBaiO70a84g2OCPtXArMNpy7zMl//rhHSx82aK7hXKBP2pOTPfc4Z3ppkwEDLWmygeO/ZhdrGrey5ShncmhZGmCMRTLfNvYoKeS7vLqlOyIHROhkyStiVnte4esf6cTRvlZ8vhQ7EZhSUIWyNDJt3b4HKO7GLVzXRtyCPTxK4UKkRhCQMno5sJ4zHhco48D6aIx1SEZ5FpYoeSKjKeIOwsGWJhpeDyZl/Q3UcCbGUY42tnrxT6ZFGIwhIGjrg1pOEaCs7p1t/I3G6Tt0hTeOIoRGEJA8ee/xC3Bj9T3P5GXW/Szo28P41MUxhpfOdpTVmVe9peREHoh5zNDG0uIq9RV1abGEI/S7ollFlpfMTEEYSdxd7Bn/UqzW7j+sbipo5LmRtl5BHxZ8RZT6KwhEFTIPMaMSjqyirfYHm5UU7MkckTls8y5Py7X8Yb4lljglD7wIDqVZrdxZ5sjzn2eB3sY6NnGyxLEAbBlLrVILixD1BUWyhzbpQXuxlaEC4s9k77+/2Ks9P04VxrW3VyvLAwauwXQpxG3djOnLMtlWsPC9/cUrmCsJPM2aw/0UUhp79hs/m15q8Q3ylhpCjq81dyOqSbOf1ZobZjb7bl8gVhJ+j6CyoXFUW/VujUKl8m34VR0seq1xDZhS8DFcizEkaOuUKY9yvKIFA9lj1jVWG906MsgtAbe0hvPQRcn4VXfQokCIIQwh7C3+pXHEEQBD+KupU17VEeQRCEILaVlfcqjSAIQgDXR0vF2VcQhJ3FPl0j71UaQRCEADPk2BlBEAbEDG1ZzXqVQhAEQRAEQRAEQRCEofF/JPgcvEvZV3UAAAAASUVORK5CYII='),
(18, 'Jason', 'Isbell', 'jasonisbell@fake-email.net', '$2a$10$ULtmNNJ3eSV43Nt0D4NNvufh6fZWrOVIfHCjac6j8UG975.Ornn1y', 'data:image/png;base64,iVBORw0KGgoAAAANSUhEUgAAASwAAABLCAYAAADK+7ojAAAK50lEQVR4nO2dQY8cxRXHfx9hPkJ/gmi/gOW6RkLyHpFyyCiJcuCCcwtSZLdywTdbgAKHJO5DcDhEwmBFWJHibWFLOAngVeyAFYx2AQcshbAbA7ZxSDaH6tF0v67u6e6pqZ6efj+ptDs9PVVvqqf+XfX6VRUoirKJ3AaOcuk+EPVpkKIoShW7FAXrCIj7NEhRFKWKc5QFa69XixRFUSqIKQvWEbDdo02KoihOprgF626PNimA6dsARemZnwEXKPaetnEL1hFwMrSBimXmWLzRtyGK0hOXKIrRNDtuqBasA2AS2M7RYyheBNOnMYrSAxFlMfooe+8Jx3v5dC6wraPHULwAW71aoyjhOYlbjCaU28c9x3naZgIix+imV2sUJTwpbsEylAXLJW5/CGzvqDlDsfKf6tecUWGwd+fjwAngWeAO8A9srM9Blm4AO1naFp9XlmNC9XBvG7fLxBWbFQW1esR8RrHib/drzmhwRVA3TVvogxJfGOqfAsr3TfY5OTR8NZzJ48Z1oZTVYuguVkdAgrsRKe15hep6Tik73Z/IPhc5zldfVgBSVLBCM2G5HtaP0Ibii7rrcA3rIqlymSTivSSQzaMmRcfjfWGwYmOydAb4EPgU2AcOs7+72OuUUu1XUbpxSLVg7VF2sueDRSPx3gHadlZOQvlCmR7tURZj0Ovli0W92djxOk8i3j+zepPHjesxrU45WG8MKlg+2KJYj/uU24J8ih6LPCLx/mM0+n2lGNx3FWV9Mahg+cBQrMdblNuCDGGIHfm80OAcxSMqWMMiRnvEPjAU6/Ey5baQsLhtTCj6wtSXtWLkneVSv+YoC4jRG4wP5CyPX1MWrNfF65cq8pqK8zQua4VcpNlFUdaDCxSv14V+zRksL1Hvr3L1upKa/GSIhFmN2UpM84ui9I+cnfBZv+YMFilGpyiLznvi9cWa/Iw4V2chrIgYFawhIaeF3OvXnMGSUvYFysj3j8XrdEGecrQy9W61oj6RgbFP8Xrt9WrNcEkp/+6lX0sGlqYL8pQOeO39roAEFawhIRvRQb/mDBY5/Ispx2Z9K16/3SBf6QvTp7ieuUKxgl/p1xxlAbKh7QYs++fYHt3zActcFS7BQhyTqWld5/PeQ4NJvZJQvCi67Ot6k9JumOILGSBZ54AeArKnGmfHU6oFq+l3lkPLuPZspRUxm/VD3HSkYzfU9ZLO/oeByl0VUozi7Lhrgb4uN4d8L0s3rPCIvBuoE3e9kQ0qVI/4OuUGPNSlbQzl7zLN3pN+rK6CJct4ZlmjFUtE+cJEPdqj1HOK4rU6FajcZyn/ToYaZLxomWPXZhNdht83c5/9F9rL8oYcz097tUapY8riazUB/ogdiryJn4byHcoN+G8e8u0DKUjSmS6H3V0FSy62qFvce+I26scaClMWC9afxTmfeCpbNuD7nvINScTinqJxnHNE++j1CcW4ubSTxUoJGdqg89PWF+lzdN21H1FubD/2UPY3Is8HHvIMjav35OqBugSri383blCW0pKY5bq+SjiaCJacUnIEfOCh7Mciz/95yBNsr+enwFvAX5hvc/YRNlp8j/lWZ/n0DvAGcB44C5zO/p7Fbp12nLlAbGN7SLJekgqbXH6uLjFv0ok/7ZCHIohRwRoKhuK1Mo5zvke5sfm4u//bkaeLCPg+VkD+RHFvxR2soPwW+A1uEQmVDqmuk6nj/GuLq8jJfi4Pdbd4IEYFayhUbT0lcQ0Ln8He8c9iheMq1r91k3mv5hD4Mvt/B7u202lsb+WByO9xrrynsOL0V0e565gOWRyWIevw8oLzq5C9tahjPkpGTLFC9S6wvhgW97CgvDTKEfCF49gy6T9Y8TvwnO+q00WaicYl8bmufkDXYoHKEsgLc6Vfc5QaDIsFK8J/Iw+R7mOHT2mWrmFDEO7kjuXTu9heT4LtxcTZ39n/F5kPx77CBr+66quKCfArrO/qJy0+5+I+8+/5GLdgbmF7ukfYG4FSgVx9MenVGqUOQ71gxaxXj+chVjSSLKVZuoWdaB9jeyBR5xoZBr+kWC+xeN+1g9U0nHnDIqa+MpX1wVAtWF12lP4Gd6/mC+o3Gq1K97DCdJLhTt1ZBRHlzSpmJLjrMg5p4JDoa36a0h6DW7Dk8br0Hs17NBG2B3SSeU/oDMXGt4/9zTTNc6zIGLBPmA8BZap7gjl6EnRIOBSqnhJOmPewdqkWMJ8NYQsVqTZI53tVSlGxqiXBn2B9l+LTqKvYmBzFD4bqISG51xPcjUFXwOyXferFKunLsCFxjWKldQ2Qm1J9IW6gd2MfGOoFK4+MeP8UvXP3zRbleLZZz3fan1nDwseyuwZ3sGI+7eFPtMba8AzNBWuCvfnsA79DbxjrwgTrB7yOdaxPGe/vuRM+VrFs+oSqjQ9lC3gaeBk7pyy/vtAs/TN7/0SL/H6Bje2ZRXjP0k729ybzaSSzaPDZ+6exQ9yoQXkGGyF+IvuMjx+loblgKcpGkrKcYFXNXatKMv8J87lnL2OHLl+1zPMIKyj5R+kRdlLt+9jpJm3zayK+s2ksN7JUFwPlY3PNJ0WeT3rIU1EGxbI9rL/jbqA/oHpRf4MVqvP4D3R8yPrOaTMt61bSdC6homws71JsBG2d7nLZkSPme7hNcC938jrl9ZU2PR2yvB/JiDx1FUtldFym2AjazEqfYCfB5j//X4oN0/WIXW5S2SR9ju2xJVin5Q2q199uku5m+V1kHum9j502Mnt9DfgwO9Yl8nuWUvyIixH5Tj3kqSiDIqHYCJIWnzWUG+drjvPaTht5hBWLmMXDqG0Wi8njXH7LTBmZYEXiHMVpLLsUJ+aew8Y8LbK9LYbi94o9568oa09Cd8FyTdo85jgvdZyXT1ewwtNVTCbY9Z52sSJymP2fsFnDJoMKljJyEroLlmuNbBcuYdNhTXsMKljKmrOFjedZFVJ03sGuNPkW83ik89mx17K/O9jYKCk+VU8YJ9iYKXl+vILvs8lI4R/q3oDKhnEMu+SsXEf7EcVF+a9mrz+guG72HsUASNexV7ELhX1Nde+nbZrWfKcJNuL6bfw5ocdGTLG+z/RqjTJ6DNVLTqx7SrzXhiKJKda5ir7SG1P6Fx0Vq/UmpVjvpk9jlPESsV5L236MjUmKmS9texv7NC9mvm72SXRSbUhk+EbUqzXKaHkRt3B8i92JOcbG/dylvCj/fsWxWw2OpZR3U7nu96spHpgAP6T8+9hhvhVX1JdxyviQd86vCeefkE8JbwcqV6nHYIWo6WajB+gyJUog5I/Px8z+puyIsnWbr/44hg0r6TqUN8EtVkaJnCB8GLDsVJQdByx77BjsGl1nWf7psG5coAQjofwDDLX+thyOxoHKHTtdtuWauQsuY69TPkXBLFdGT0T5h5kEKHfLUa4JUO7YMbTvPSVo3JWyRsghwZ0AZb5AuXHosGL15LflmqUUOxPhQe51jN5AlDXlLsUf8N0AZcodcz4PUKYyx/RtgKJ0RTrefx+gTNm7igOUqSjKBhBaPIyjTLPiMhVF2RCkeLy44vJcT6nUf6UoSiOkgHy5onJmu9VIseqygaqiKCMloSwiU4/5R9ggxaoARX1krihKYyLKIrLHcuucH8f2plyrg+ZTm51yFEVRAHcv6xB4Dis+T2MnxL4BvImd0nE2O/Z+lvZot1RNEuB7KYqygUxYbv+7tikO8q0URdlYtlitaM2meURhvo6iKOvC/wG7YjeMfa6tdAAAAABJRU5ErkJggg=='),
(19, 'Jeff', 'Tweedy', 'jefftweedy@fake-email.net', '$2a$10$RlcBKL2LIQnCON6ql5ymqO9MiQWxZ3TD5dHw/6jU52907Jtizqdmi', 'data:image/png;base64,iVBORw0KGgoAAAANSUhEUgAAASwAAABLCAYAAADK+7ojAAANsUlEQVR4nO2dX6/cRhXAfx9hv0H9Car9AFT1c6hE3lqJh1rQF5BQbyQeQIqaoS+N4CFBqtRKFLIPtKoAKVERKOoD16iRCBTR0JS2iMC9VP0TQUVumxTSknJ5mLXWe3zGf3bttb17ftLRvbJnxmfs8fHMmTOzYBiGYRiGYRiGYRiGYZQQ962AYRhGFVPgLnAMfAY80K86hmEYYa7jjVUm7/SrjrHrTIGvAXvAgz3rYgyPI5YN1u1+1TGGwklgf/53E+wBByw3xkz2N6yLMVy09mHsOBHLDSLq8FoT4DX0hqhJl7oYw0drE3GfChn9E7PcIKYdXutN6hsrM1iG1ias573jxGzmC3aacuN0BXDADEixhmkUfVjHwEu9amT0TsxmDNYNio3vEG+kynp1U+Ap4BngUfyw0tgNrlBsM+Z433FiujdYU4oN7w7Vxscp+cwxvzs4zFVgCGK6N1iOYqNLKvLMlDzWeHeLk+jPfK9PpYx+2aP7xjCj2OjKelehhmoGa7fQeubH+JlmY0dxLDcG18E1UoqNrmn6Y+CFuX7nMcf8rqA53qs+eMYW8zbLDeHtDq6RUt9gRUraIyz+Zle5hIU3GDnkF+xWB9dw4hqHJWmfo9g4Zx3oZIyDBN1g/aFHnYwe+Yhib6ZtzoprXClJ+2eKjbPLYFZj2EywYaGRQzaCLnpYslt/LZBOc7K+14E+xriYoRss159KW0WCf+9HcU/l1+swd26K30XhQdb7ms3ENc4G0jmKjdKmsI0Y3WAd9KjTNhCjr+0dNDKa+ApwAviAYkUusloYQSrKSQLpNAerDQcNgH+hG624JM8ecAEfZPwb4EdYGAz4zsc59PsZGv0Mht+xrPBbwOfolcnkdMNr1G1kbyhpDQPgSeoPC6eEty8q+2DuAidZDP+0ezl4v6B0iIccnFLqTitHSt4QN0W6u41qYoyVE8Dr+AmgD/DDlB/gZ4x/gu8hybaRiQzDmeLXG7bVfreFCX6EpN2LS4yo5+moZ6Ck3KKeNY5FvrQkrdx+5vfNqmKMkEdYrf3lJcqVJ2e9QyKj5af4xfXb6IJI0Huch4wwvtFR/mBfJDxLk9QoPxZ5zpekleWnTSpijBLNDdBUknlZsXLudsk1onm+r4vjT3RR0R6IgFfR6+5602pNHPUawwnl3KxG+TJfWWOQw9G0fjV2iqw3cIYR+BwqeJ/1Ddb+vCy5LvYYeLjkXDI/Jx36/+6gnpsmQfdVpYxo+KehRZaHLPE1ipWvIhZ54pK02ozlLjMFvgR8n8VsV+hlHSuhpTea3Cbsy5qgf3yzIV6snPvZ/NydQHljZIJvK7I+d9mSyQbty5OXN3JppcGqY1ASkScuSftrkfZi7VqMC/mjHxHwVXyP6SLlM1xSDlvSaYKPt5M+nBP4ZTDH+C/2/lzPB+fn4nke+YKfwIcRnMMb3ZBvKKF5j+p/yrEY3SjFuWtpE0oJ/ufD5PGHAvoOmYQt7VXlcRS7w6EX4q44d7NG+bHIUzY7I2csQwGmY0YbWq8qh7Tz1XwY+G+u3NdYGADNOJTJPvC9wLkDvLGLxPWb9LJCEqFvSxTnrjML5H1XOTYmP9ZJ/IoQrW6uP7W6wbFcQelTuBJId0y9ILNY5Eka6OLqVmKAZMO5p/Av6T7h+Jcqo/QGfi9zh2+cccu65o1VXv65gr7H1DNyV1kYrgnrGy3Qh4vZNZj/Lz+6ITnV7Bb2QkK4N36N7ZzxrHS6p/gHrb1sSY3y5bT1Yw10cblzEYtlQo/ijcB3538zOTeXM0IusDAcmVwEXsHPouwH5Or8/MWc5Mt4Cfjp/Pg+zX7CLC9H+BCOZ+nGIFWxjqFYV86xGE7+cI1ynlaOpUpd624OGTe5gRsmIWyo7rAlvqoQchgmZYZu1I7QHZNTFi/0PvBJRfnH+Ju/T/EhHCjHtk2e1R7Khqk7U7dqj6tKPgC+he+RfoWw4X8a3x6vAZ/VKDcO1DemPED6HsNzuk+Ax4GP0XU+YiSR6uvyAuUPfYbeoBMWzuOsh9FVgx6rHOFfrmfn9yumGPk/K3s4G+I89et0gO91voV/sUPpLrNeyMKnyrFLOZ2rJouerKhzRHhn259X3rHNkRmqA8JtbI8dMFQZjuUbIP0PNyiO+99FX3KzKSOQ4hvv8/geopvL3lyckJlI5+b5r+CHYmlAfjs/f6nkfOZbyiRhYZhC5OszhP3JI9p9Rq/ih+0X0B3aq8rVnM4Twv6osuDkPKE94+Oa+bsmodpQ7RyO5RvxIcUbI2/WWcIPu0o+wjuSMznKXUc+nBepbwTGhLwnUa/aeOTU/qoR6H9E7x21ITKM5n6WHe2HNPPfaJtFDmG3goTw0O+QHetRSRzLN6Rqtub9XN6TLHobMkZLk+cqdElE+m1doCrvywv9qgMUd+24Tf2e1/vAy9RfOL+qlMVGNZ0ReyJwjbhhOW1yEhv6VfISyzfml5Q3GldR3sPzNDHed5PPm1TkTRqmHysysrqLH/5oyvMUn3WEHxLnj2XDsBQ/9PoG4V0AquRj/IfuSbzBifDtJsG3oRQ/DLyMj19riwnwd0WfukPJNonwM9ihiYadHfqFuM7yDbpO+Y+YNun1OJE3rkifiPRJg2uNCW0o0veX06E/61Q5nnGa8lngO/geu8MbpUcYxvDXoeu6iWcwxTvRL1A+A249qgDa+r2IcPc+KikrZrlr7kTeuEIX2U0fU7RxE7RZub6/os9Q1OkkRRdBtq1QWa/qI7yfc4gvW4Suc9LBtfKL1P9EvX26jvAdhqgDfbaClOUbls6Pa9PGfwuUMWG5S5u9fI5mjUJesyr9WNGCF1eZLZRrEldlQnFJVvaBSSm2gbKewTWG/bJpPtpVHe0Ri2DmM/gg2FdYbUVD1qOKVtRlZ0jRDRboSx0056ZT0kHztYGyHNekIiNigp/tkfesSY8kEnmTGtc8hx+KnMG/ZF8gHONzY54vVc5p8gnDf14Ruu7xXM6wiCl8HfhPIH1bkvWmtnVyqRNSwgYrpniTpWNyiv5FmVAMSn26Qhcn0vc9TOoSR/GefbNBfi2sJClJW2fFQV6yffvrBJVeZhw9A613VXdtYRvyGd5A7TGcWK/RIWeB5LbEh+L8beC++bnQ2q8sItmJ465CFzkk3GaDNaEYr/R8wzISivf+gpJO+wWkMnk5lzcqSXfEeIbtj7E5w5TJNXwHwGG9qNa4wfJNflOc176wn1Lux4jmeZ047ip0SUT6ZKUajYdfsVzfgxXKSCje/9dYHl42eclSikPTUxSX4aQMfzeACX6NYlOD3USylRcpy0HORkf8guUHIKOJJzR7gPlekeyCuwpd5FewbGeHbSAmbOybkCjlfMJie+A6s1Mp5R+IyVzfMTiGI/RdN6t6QzMWMYRZXJjGEGc/d4aUYsOVJNR76HIId1WcrwrMi0X6uElFRoj2MUhWLMspZWXlab6bswwrNqotHPVm6a7j22Pch5LbTNbYDuimCy4bcxpId4rwRm+X8eu6JHK5TtWWyrFIH9etxIiRP222TrR1SvHZ3ML3tORxt8Z1hsgj1A8nqNrJwVgR6YQ+6OAal8U1ymJSJiyWTcyoHh7IWcK0QpdEpE8q0m8Df2W5zi+XJy8lQt8n6oDi4uZ0jesMiSn6j3OEZAi7Y2wtjuINbxu5/ceHLZbtKL44ZciAyrhFXYaKjDC/VJ68kgT9RZU/ZXUjkH9MJJQbJzkLe4j5nzrFUXwIbd9w+eVt89eWtYjuqCT9KZF2DPtqr4uj/Z6PLFOTIWyjsg5a28rkJvqPMlhoQcckdH/TZfmzFsvWnMpl+stGuAsNTIaNpC2VW7XdTx87E7TFQ4RnPn8M/EM5PutD0V1Di2a+1WL52lfKtVg+FHeDKFueI/XZ5sDRDLn4vK2eT9UGi66l62yaKfrkzxHwZfRtWq5hQ8GNISPRj2nvB0ZfVMpueyZSfunLfDQx2/FSNeGQ5Tq/02LZjrDBGuPHQC6yzxurBwLnbmLGaqNouyYcoy/BaIqMcr/XQpkSuQDalaSNG6TdFrTtfdpEi8E6Ypwv8YxiXT7Hr3s8UM5dZ5z1HD0yALMtH4/s/XSx86UT10hL0sbsnsFK6caHlecs/sU+xm9nPEbfYIz+DoSW3dgwsEcm6E7UgzXLleWla5an4RpcQ/6M+7YvzYHNGKxtYEa5T86M1cCYoM+MrONzGprBikXauAN9hkbVbhmGJ6WesbqEGavBcJriA3I18sXAF4Hv4Dcpexy/mdvQDJZMO/TdANpAxsG16XTfJvYpN1TvUf6rOkYPRBQfVD6eJsavG8t2lgz9EkdIXAc6O3GNWUlaGZO0C0j/ZNtO921hysIPJ3tUcX9qGVXIB3YP+ItyvKnco5tV+05cx5WklX66XSDFfFh1uQ+/a+1ZfFC1Df1GwIz1jZOUu/jV7l3gqGewZFR82pE+QyNlN+tt7AhVEcxN5RLd7odUd7mNjDe73KFOQyIlPMQ3jK0gRt9GRJMU/xKcxIcNxDnZVJc6oXpHSxng+O2ulRoIKd37EQ2jd+7H90LeZLGvtGNhmKKe9FqFCcXN13bFPyF7lkmv2hiGUYl8ace+9UlTzrP44BiGMXDk7OAYF+YahrEDaJMIUZ8KGYZhhJjgfXA2rW8YxiiI8Yaq6xALwzAMwzAMwzAMwzAMwzAMwzAMw+iX/wO97S573aZbsQAAAABJRU5ErkJggg=='),
(20, 'Bob', 'Dylan', 'bobdylan@fake-email.net', '$2a$10$SVI37VzlOndDNdroaeoQoOZK1fwDU7exa823Dy4n6zR/rYOvSTu3.', 'data:image/png;base64,iVBORw0KGgoAAAANSUhEUgAAASwAAABLCAYAAADK+7ojAAAKq0lEQVR4nO2dTYskSRnHfx8hv4H5CYb8ALt0nt2B7WPfOg+LoJfphb252LVeZsHDjCDoQa06rCLMQjcqiB62SlxQD7vd+ILCCFUzrI46YPc6O+4bWh4ik8yMjMh6y8rMqv7/4KHpfIl4qjLqnxFPPJEJos+EwNxhU+BOd24JIYSbD3GLVmZnQNyVc0IIUSQA3qZetDLherkjH4UQokQCXGPE6XP8wnWBhEsI0QMOgRlGmD6jvsd1kR4vhBCdEZP3tJ4Av2CxcMUd+CmEEEB5eHgB3ALOWRzjCtt3VQghjGhlYjROt0XAiHrhOm3ZTyGEAOA+uRDdL2wPqReuKRomCiE6YEQuRIm1L8AI2TX+YWLQkp9CCEEATDACdIW/53QCXFIVrSeYrHkJlxCiFQJyMbrCxLJ8RLgD9FdouY8QoiUC8hytKfWiBSbO9TWqva4r4HhbTgoh2iUCvgrcw8zOXaR/HwDfBg5SCzvybUae7rBItMAI3QnVONcUCZcQO8chMMSI0qL1fC4bp+ffwQhZjDteFBQM65jA8b99TEZE3mt6iF+0wtSXTGBfwojuM6rCpaU+YqeJMHff09TOgB9gfpxFG7K7jT3C/FjXEal9tYfAO8CvMD3M7PrfwbSHA5br1QnRCjFmqLFqQ38E3GV3ZqIO6V4cdt0uMDesYyRiogMSNm/Ej+j/TNRt6j/DNfAH4EeY7yRO7TXgTWCAyX2akMeT+mzXmCHkxGEjzKNtHjvO+wvwmxU+43OMiN3DiFjovwRCbMarNPsj6fNM1IyqvyP8sadlCcnjRhG50BUtZPMYlo3dWzxZyeucmDzfq2inBT+yzzXAfGe+hNXMphgBUw9MNMonVBvbjPxO/C7wY0xDte1d/I9CGdK/YaLt4z48osUWreGGZc2oCo/vBhRieqI/xC14xTJOUc9LbEhMtXGtepcOcDf0OWaY0CfRKvp22bEvTZLQ7M0iwS1c8YLzgvSYkeP8Yjl3cPe8Ikxw/5g86H+Kmdw5oF9tSXSAfXf+x4bluXJ+ls0ZaoMJ5aHrPpHQ/M3CdT3HLL+4OsLE/Ga4xesJ8EfgA8/+urDDU+Cv5LlyF6lN0/3Tgl0UjvsT8GvrvOmSdY1Ty2ZRD1J7kTytJS5sv5vaqcOGlGdjM3sD+DJGtDM7wKSmHCywiDw8kVlUsJBqCGKniKleIDue8j1WS2UoJjgWL3rSmNfrc0LZr74IaVMkVEUrbKDcE6rX9IzVvr9XMakT/2N5YZK1Z1eY9pIJ+nhFa22xve14Ma7z1LF/Tt6tDz1lFhftFm1MtyIRW/7EHfqyLRKq16qp79zV4xpS31AT1s95y35EQ8wayUnBHmN6Ztks6GVqs9THWcEuC8f9GTMD6ps9ddn7aV2LJhpuuq076bMSE6vSQbo9WcLBK/I3urga7cBz3hmmq9t21zS2/Ihbrr8tEso/rkWLptcp316nOKR8A4tZnNd3DnwDs+5xRL0gPKU/gfsI8+McYYTzv3QvFptalgKTCfpkRTunpd/zm5QdH6XbR4VtH6UO1TWoZ5iM+NAqP8TMJvoE7x7tCZedh3WrpXq7IKJ6vZKG6zikLFxTTHt6gL+dnKfn+a55mPo5cvifWZttZhmyyYainQDfIs/fs22Eie/Z278OfAXzHRyS5wPedtRhmyuGldlexLDAxKiKjeG36fbzwrZRui3EHc+wzb7bQnkdnG1T2olxxVa9+04bogXmh1VsLy4bsV7vKAa+S/VzZDe7fb7pCAf2TOFFun3g2FYkxjTSGf5G+jeMeB1Y9fka91lDn8lHws0SLDAiYd8othFrSHBf038CX2yoDlcMLbvhDTFDxmPyGbWd7kkINyHVBpDlVhW3xZ7zA+AI8/iVuiFjFu86Ju+WDhznjJv8cBbFH+75FuvpGyFV0Ro0XP6VVf5nwH8oX9fs2m9a1wR/O3OJ2Zhc0N7ApBocOKwJ/0QLzChf5EPH9mWEJMAdkHXZGBOsv0U1xpVs+HlcHFl1xFuoo88EVK/Lz2jmBzqwyr0kvykluFMijtksgJ5gcqOWFa5lzTWaED3jPuWLlvU+Btb2ZIUyQxa/lmqOeTX7TzE5Otm2J8AX1v0wDgLKU+t/b7DsXcMejjeR2DsrlDfDLYK+UMAY067CNeuOMO10wmo9rzrbt/y8vcPufTxMt4eUh2xT1rsjJywOytr2Ec01HFuQD+sP33vepvx9bJLYG1hljZY4PsHdHh7QzLXJZu1OyJ+usWy7mzVQv9gydqObkwvTiNUa5KJ6TlhNvN5is2FLYpU32aCsfcI1bB+uUc4rVhmrCE5I/saf4iL6aepLvIY/i+o7opxGcJ9yekHYcJ1iS9gNOEm3u8QsbqC+TLx+7yjfZQ+B11cs/56jHHX3DQHNLFi38/jWvblEuG9kF+hVZcKBL44F1S71uOG6Y5aLd80xMzyLuI2Jg9nnJo16vfu48rSyHs6ywj6xzt2UEPfs8ZzV1y+KPSbE3xuJHfu2kcsTUr+63zWki8kfRzLEvxzkpsetfCS4v6+6F7cWmdCsYGVkPXCXcI3Z3fcJiAZxzSBljKg2nGRBeTF5jsvLwDfJheWM8mrvU/JnH72EeSyxa0nPW+lxY8p5Pj67RHGJRST4v79Fj70eWceHDfsWYB4g6fLtCTcvPUUUiPD3sgLcd7skPSZ7l5+dQNiVfYhZy6XYx3IM8H+XdY8Osc+L16w/xtzY7mCG/UPKz4m6i3nsyccO/8I16xR7wJhq9zsjpipan7OeoDRtM/KXKyRIqNYhwf/9PsT9ndoLyo9WqC8Efo65uWxy7V9ZoU6xZ4S4e1EZMd09F+iS/FEWA/KV7KI5YvzX1zWD+Jp1zP0l6ogwvbYm2sRNTgIWKfaM4ZyyMET440fXuJ+VMwJ+Qp7zcpJakv4dFLYfkj8uQ7RPhH95lR2MH1j7FwlW4il3FZukto2JH7GDuNadzYEXCse849j/b9Tj2Rfqgt1zTA8ppCpYdYvKv1RT3gfkQ/oBZpgXoaG9WJKQ6tDgOXmvJ8Tf+JRCsD9E+Je2XGEWUNu9Hxch8Kl17DXKLhcN4po1LA4JIvxvPFkl+Cr6T51w2ebqFY2sYx4joRJb4AXcjfI03R8Av3Ts/wTFoPYR3xKaoiXWOaG1/2P0pFCxRXxLOMbkd9PHjv2PUAxiXzkkj3Pab/+23/k4svYrWC62jm/mKHv3XUA1RjEHfteBr6I9Ytwzf3HhmOLN7rpV78SNJsC9ROc5ZujoE63vd+CraJd/Ub7mo3S7HQetm0UUYiscUhWlZ+SvxHZlv8ddOCpaw9UmIqpv29ZwUHRChHkqqB27iKgu15gD3+nGTdEiE6rhAHttadiRb0JwC79ovY56WDcNVxpM0WadeSZESkh1BvFTTFbzESaWEXfjmugAewhYl+4gRCf40h7udemU6AyXaGniRfSKiGo+Tpb2oFysm0f2xNABShIVPcW3uFWiJYToJa5H00i0hBC9xfcspfe6dEoIIVz4nqelxEEhRC/xiVaWpyWEEL0iAN6nKlpTFM8SQvQU1wsxFYQXQvSWiOobnS/qThBCiC5xxbXiLh0SQog6iqJ12bEvQgixFHHXDgghhBBCCCGEEEIIIYQQQgghhBBCCCGEEEIIIYQQQgjh5v8Yd8e+IlC1AAAAAABJRU5ErkJggg==');

CREATE TABLE `award_type` (
  `id` int(11) NOT NULL AUTO_INCREMENT,
  `type` varchar(255) NOT NULL UNIQUE,
  PRIMARY KEY (`id`)
) ENGINE=InnoDB DEFAULT CHARSET=latin1;

INSERT INTO `award_type` VALUES
(1, 'Employee of the Month'),
(2, 'Employee of the Week');

CREATE TABLE `award_winner` (
  `id` int(11) NOT NULL AUTO_INCREMENT,
  `rid` int(11),
  `gid` int(11),
  `aid` int(11) NOT NULL,
  `date` date NOT NULL,
  `time` time NOT NULL,
  `recipient` varchar(255),
  `giver` varchar(255),
  PRIMARY KEY (`id`),
  FOREIGN KEY (`rid`) REFERENCES `user_account` (`id`) ON DELETE SET NULL ON UPDATE CASCADE,
  FOREIGN KEY (`gid`) REFERENCES `user_account` (`id`) ON DELETE SET NULL ON UPDATE CASCADE,
  FOREIGN KEY (`aid`) REFERENCES `award_type` (`id`)
) ENGINE=InnoDB DEFAULT CHARSET=latin1;

INSERT INTO `award_winner` (`id`, `rid`, `gid`, `aid`, `date`, `time`, `recipient`, `giver`) VALUES
(1, 1, 3, 2, '2017-12-14', '01:01:01', 'Ashley Fong', 'Ben Redmon'),
(2, 2, 1, 2, '2017-12-21', '01:01:01', 'Ming Lui', 'Ashley Fong'),
(3, 3, 2, 2, '2017-12-28', '01:01:01', 'Ben Redmon', 'Ming Lui'),
(4, 1, 3, 1, '2017-12-29', '01:01:01', 'Ashley Fong', 'Ben Redmon'),
(5, 5, 2, 2, '2018-01-07', '01:01:01', 'Otis Redding', 'Ming Lui'),
(6, 7, 3, 2, '2018-01-14', '01:01:01', 'Thom Yorke', 'Ben Redmon'),
(7, 6, 4, 2, '2018-01-21', '01:01:01', 'George Harrison', 'Amy Winehouse'),
(8, 3, 2, 2, '2018-01-28', '01:01:01', 'Ben Redmon', 'Ming Lui'),
(9, 4, 1, 1, '2018-01-30', '01:01:01', 'Amy Winehouse', 'Ashley Fong'),
(10, 9, 5, 1, '2018-01-30', '01:01:01', 'Chan Marshall', 'Otis Redding'),
(11, 11, 8, 2, '2018-02-07', '01:01:01', 'Eddie Vedder', 'Jimi Hendrix'),
(12, 10, 5, 2, '2018-02-14', '01:01:01', 'Regina Spektor', 'Otis Redding'),
(13, 7, 3, 2, '2018-02-21', '01:01:01', 'Thom Yorke', 'Ben Redmon'),
(14, 14, 11, 2, '2018-02-28', '01:01:01', 'Chris Cornell', 'Eddie Vedder'),
(15, 9, 6, 2, '2018-02-28', '01:01:01', 'Chan Marshall', 'George Harrison'),
(16, 11, 5, 2, '2018-02-28', '01:01:01', 'Eddie Vedder', 'Otis Redding'),
(17, 18, 15, 2, '2018-02-28', '01:01:00', 'Jason Isbell', 'Courtney Barnett'),
(18, 8, 11, 1, '2018-02-28', '01:01:00', 'Jimi Hendrix', 'Eddie Vedder'),
(19, 12, 15, 1, '2018-02-28', '01:00:00', 'Elliott Smith', 'Courtney Barnett'),
(20, 15, 13, 2, '2018-03-07', '14:14:00', 'Courtney Barnett', 'Leon Bridges'),
(21, 19, 16, 2, '2018-03-09', '01:00:00', 'Jeff Tweedy', 'Wayne Coyne'),
(22, 10, 6, 2, '2018-03-14', '23:10:00', 'Regina Spektor', 'George Harrison'),
(23, 4, 15, 2, '2018-03-21', '23:15:00', 'Amy Winehouse', 'Courtney Barnett'),
(24, 17, 5, 1, '2018-03-28', '23:17:00', 'Fiona Apple', 'Otis Redding'),
(25, 19, 4, 1, '2018-03-28', '23:20:00', 'Jeff Tweedy', 'Amy Winehouse'),
(26, 17, 12, 2, '2018-04-03', '23:22:00', 'Fiona Apple', 'Elliott Smith'),
(27, 8, 7, 2, '2018-04-05', '23:24:00', 'Jimi Hendrix', 'Thom Yorke'),
(28, 11, 9, 2, '2018-04-08', '23:26:00', 'Eddie Vedder', 'Chan Marshall'),
(29, 18, 14, 2, '2018-04-16', '23:27:00', 'Jason Isbell', 'Chris Cornell'),
(30, 2, 1, 2, '2018-04-22', '23:29:00', 'Ming Lui', 'Ashley Fong'),
(31, 15, 17, 2, '2018-04-23', '23:29:00', 'Courtney Barnett', 'Fiona Apple'),
(32, 11, 14, 1, '2018-04-29', '23:38:00', 'Eddie Vedder', 'Chris Cornell'),
(33, 15, 8, 2, '2018-05-06', '23:38:00', 'Courtney Barnett', 'Jimi Hendrix'),
(34, 12, 7, 2, '2018-05-12', '23:40:00', 'Elliott Smith', 'Thom Yorke'),
(35, 16, 2, 2, '2018-05-14', '23:42:00', 'Wayne Coyne', 'Ming Lui'),
(36, 1, 10, 2, '2018-05-25', '23:47:00', 'Ashley Fong', 'Regina Spektor'),
(37, 3, 5, 1, '2018-05-30', '23:50:00', 'Ben Redmon', 'Otis Redding'),
(38, 15, 2, 2, '2018-06-07', '23:38:00', 'Courtney Barnett', 'Ming Lui'),
(39, 11, 1, 2, '2018-06-15', '23:40:00', 'Eddie Vedder', 'Ashley Fong'),
(40, 14, 19, 2, '2018-06-22', '23:42:00', 'Chris Cornell', 'Jeff Tweedy'),
(41, 14, 3, 1, '2018-06-29', '23:50:00', 'Chris Cornell', 'Ben Redmon'),
(42, 10, 9, 2, '2018-07-11', '23:38:00', 'Regina Spektor', 'Chan Marshall'),
(43, 19, 7, 2, '2018-07-13', '23:40:00', 'Jeff Tweedy', 'Thom Yorke'),
(44, 15, 3, 2, '2018-07-22', '23:42:00', 'Courtney Barnett', 'Ben Redmon'),
(45, 1, 8, 2, '2018-07-22', '23:47:00', 'Ashley Fong', 'Jimi Hendrix'),
(46, 3, 19, 2, '2018-07-24', '23:47:00', 'Ben Redmon', 'Jeff Tweedy'),
(47, 5, 4, 1, '2018-07-25', '23:47:00', 'Otis Redding', 'Amy Winehouse'),
(48, 7, 2, 1, '2018-07-31', '23:50:00', 'Thom Yorke', 'Ming Lui'),
(49, 12, 3, 2, '2018-08-04', '23:38:00', 'Elliott Smith', 'Ben Redmon'),
(50, 2, 8, 2, '2018-08-12', '23:40:00', 'Ming Lui', 'Jimi Hendrix'),
(51, 1, 15, 2, '2018-08-19', '23:42:00', 'Ashley Fong', 'Courtney Barnett'),
(52, 3, 6, 2, '2018-08-25', '23:47:00', 'Ben Redmon', 'George Harrison'),
(53, 2, 9, 1, '2018-08-30', '23:50:00', 'Ming Lui', 'Chan Marshall'),
(54, 5, 1, 1, '2018-08-31', '23:50:00', 'Otis Redding', 'Ashley Fong'),
(55, 10, 11, 2, '2018-09-06', '23:38:00', 'Regina Spektor', 'Eddie Vedder'),
(56, 12, 14, 2, '2018-09-10', '23:40:00', 'Elliott Smith', 'Chris Cornell'),
(57, 5, 2, 1, '2018-09-28', '23:50:00', 'Otis Redding', 'Ming Lui'),
(58, 3, 10, 2, '2018-10-11', '23:40:00', 'Ben Redmon', 'Regina Spektor'),
(59, 12, 8, 2, '2018-10-23', '23:42:00', 'Elliott Smith', 'Jimi Hendrix'),
(60, 7, 5, 2, '2018-10-25', '23:47:00', 'Thom Yorke', 'Otis Redding'),
(61, 8, 15, 1, '2018-10-30', '23:50:00', 'Jimi Hendrix', 'Courtney Barnett'),
(62, 7, 9, 2, '2018-11-03', '23:38:00', 'Thom Yorke', 'Chan Marshall'),
(63, 3, 13, 2, '2018-11-04', '23:38:00', 'Ben Redmon', 'Leon Bridges'),
(64, 4, 19, 2, '2018-11-19', '23:40:00', 'Amy Winehouse', 'Jeff Tweedy'),
(65, 6, 1, 2, '2018-11-23', '23:42:00', 'George Harrison', 'Ashley Fong'),
(66, 9, 2, 1, '2018-11-29', '23:47:00', 'Chan Marshall', 'Ming Lui'),
(67, 17, 3, 1, '2018-11-30', '23:50:00', 'Fiona Apple', 'Ben Redmon'),
(68, 11, 13, 2, '2018-12-07', '23:38:00', 'Eddie Vedder', 'Leon Bridges'),
(69, 14, 9, 2, '2018-12-8', '23:40:00', 'Chris Cornell', 'Chan Marshall'),
(70, 5, 16, 2, '2018-12-12', '23:42:00', 'Otis Redding', 'Wayne Coyne'),
(71, 14, 17, 2, '2018-12-16', '23:40:00', 'Chris Cornell', 'Fiona Apple'),
(72, 2, 1, 2, '2018-12-22', '23:42:00', 'Ming Lui', 'Ashley Fong'),
(73, 6, 9, 2, '2018-12-29', '23:47:00', 'George Harrison', 'Chan Marshall'),
(74, 9, 2, 1, '2018-12-31', '23:50:00', 'Chan Marshall', 'Ming Lui'),
(75, 8, 4, 1, '2018-12-31', '23:50:00', 'Jimi Hendrix', 'Amy Winehouse'),
(76, 7, 3, 2, '2019-01-03', '23:38:00', 'Thom Yorke', 'Ben Redmon'),
(77, 4, 9, 2, '2019-01-12', '23:40:00', 'Amy Winehouse', 'Chan Marshall'),
(78, 14, 7, 1, '2019-01-31', '23:50:00', 'Chris Cornell', 'Thom Yorke'),
(79, 16, 3, 2, '2019-02-04', '23:38:00', 'Wayne Coyne', 'Ben Redmon'),
(80, 8, 12, 2, '2019-02-13', '23:42:00', 'Jimi Hendrix', 'Elliott Smith'),
(81, 16, 3, 2, '2019-02-18', '23:47:00', 'Wayne Coyne', 'Ben Redmon'),
(82, 11, 1, 2, '2019-02-18', '23:40:00', 'Eddie Vedder', 'Ashley Fong'),
(83, 4, 12, 2, '2019-02-19', '23:42:00', 'Amy Winehouse', 'Elliott Smith'),
(84, 5, 8, 1, '2019-02-25', '23:47:00', 'Otis Redding', 'Jimi Hendrix'),
(85, 2, 7, 1, '2019-02-25', '23:50:00', 'Ming Lui', 'Thom Yorke'),
(86, 11, 5, 2, '2019-03-02', '23:38:00', 'Eddie Vedder', 'Otis Redding'),
(87, 6, 2, 2, '2019-03-05', '23:42:00', 'George Harrison', 'Ming Lui');
